time,cumulativeEmpty,cumulativeBatchingIdleReward,batchingIdleTime,batchingIdleFraction
0,0,0,0,0
0.1,0.1,0.0,0.0,0
0.2,0.2,0.0,0.0,0
0.3,0.3,0.0,0.0,0
0.4,0.4,0.0,0.0,0
0.5,0.45,0.1,0.05,0.1
0.6,0.45,0.3,0.15,0.25
0.7,0.45,0.5,0.25,0.3571428571428571428571428571428571
0.8,0.45,0.7,0.35,0.4375
0.9,0.45,0.9,0.45,0.5
1.0,0.45,1.1,0.55,0.55
1.1,0.45,1.3,0.65,0.5909090909090909090909090909090909
1.2,0.45,1.5,0.75,0.625
1.3,0.45,1.7,0.85,0.6538461538461538461538461538461538
1.4,0.45,1.9,0.95,0.6785714285714285714285714285714286
1.5,0.45,2.1,1.05,0.7
1.6,0.45,2.3,1.15,0.71875
1.7,0.45,2.5,1.25,0.7352941176470588235294117647058824
1.8,0.45,2.7,1.35,0.75
1.9,0.45,2.9,1.45,0.7631578947368421052631578947368421
2.0,0.45,3.1,1.55,0.775
2.1,0.45,3.3,1.65,0.7857142857142857142857142857142857
2.2,0.45,3.5,1.75,0.7954545454545454545454545454545455
2.3,0.45,3.7,1.85,0.8043478260869565217391304347826087
2.4,0.45,3.9,1.95,0.8125
2.5,0.45,4.1,2.05,0.82
2.6,0.45,4.3,2.15,0.8269230769230769230769230769230769
2.7,0.45,4.5,2.25,0.8333333333333333333333333333333333
2.8,0.45,4.7,2.35,0.8392857142857142857142857142857143
2.9,0.45,4.9,2.45,0.8448275862068965517241379310344828
3.0,0.45,5.1,2.55,0.85
3.1,0.45,5.3,2.65,0.8548387096774193548387096774193548
3.2,0.45,5.5,2.75,0.859375
3.3,0.45,5.7,2.85,0.8636363636363636363636363636363636
3.4,0.45,5.9,2.95,0.8676470588235294117647058823529412
3.5,0.45,6.1,3.05,0.8714285714285714285714285714285714
3.6,0.45,6.3,3.15,0.875
3.7,0.45,6.5,3.25,0.8783783783783783783783783783783784
3.8,0.45,6.7,3.35,0.8815789473684210526315789473684211
3.9,0.45,6.9,3.45,0.8846153846153846153846153846153846
4.0,0.45,7.1,3.55,0.8875
4.1,0.45,7.3,3.65,0.8902439024390243902439024390243902
4.2,0.45,7.5,3.75,0.8928571428571428571428571428571429
4.3,0.45,7.7,3.85,0.8953488372093023255813953488372093
4.4,0.45,7.9,3.95,0.8977272727272727272727272727272727
4.5,0.45,8.1,4.05,0.9
4.6,0.45,8.3,4.15,0.9021739130434782608695652173913043
4.7,0.45,8.5,4.25,0.9042553191489361702127659574468085
4.8,0.45,8.7,4.35,0.90625
4.9,0.45,8.9,4.45,0.9081632653061224489795918367346939
5.0,0.45,9.1,4.55,0.91
5.1,0.45,9.3,4.65,0.9117647058823529411764705882352941
5.2,0.45,9.5,4.75,0.9134615384615384615384615384615385
5.3,0.45,9.7,4.85,0.9150943396226415094339622641509434
5.4,0.45,9.9,4.95,0.9166666666666666666666666666666667
5.5,0.45,10.1,5.05,0.9181818181818181818181818181818182
5.6,0.45,10.3,5.15,0.9196428571428571428571428571428571
5.7,0.45,10.5,5.25,0.9210526315789473684210526315789474
5.8,0.45,10.7,5.35,0.9224137931034482758620689655172414
5.9,0.45,10.9,5.45,0.9237288135593220338983050847457627
6.0,0.45,11.1,5.55,0.925
6.1,0.45,11.3,5.65,0.9262295081967213114754098360655738
6.2,0.45,11.5,5.75,0.9274193548387096774193548387096774
6.3,0.45,11.7,5.85,0.9285714285714285714285714285714286
6.4,0.45,11.9,5.95,0.9296875
6.5,0.45,12.1,6.05,0.9307692307692307692307692307692308
6.6,0.45,12.3,6.15,0.9318181818181818181818181818181818
6.7,0.45,12.5,6.25,0.9328358208955223880597014925373134
6.8,0.45,12.7,6.35,0.9338235294117647058823529411764706
6.9,0.45,12.9,6.45,0.9347826086956521739130434782608696
7.0,0.45,13.1,6.55,0.9357142857142857142857142857142857
7.1,0.45,13.3,6.65,0.9366197183098591549295774647887324
7.2,0.45,13.5,6.75,0.9375
7.3,0.45,13.7,6.85,0.9383561643835616438356164383561644
7.4,0.45,13.9,6.95,0.9391891891891891891891891891891892
7.5,0.45,14.1,7.05,0.94
7.6,0.45,14.3,7.15,0.9407894736842105263157894736842105
7.7,0.45,14.5,7.25,0.9415584415584415584415584415584416
7.8,0.45,14.7,7.35,0.9423076923076923076923076923076923
7.9,0.45,14.9,7.45,0.9430379746835443037974683544303797
8.0,0.45,15.1,7.55,0.94375
8.1,0.45,15.3,7.65,0.9444444444444444444444444444444444
8.2,0.45,15.5,7.75,0.9451219512195121951219512195121951
8.3,0.45,15.7,7.85,0.9457831325301204819277108433734940
8.4,0.45,15.9,7.95,0.9464285714285714285714285714285714
8.5,0.45,16.1,8.05,0.9470588235294117647058823529411765
8.6,0.45,16.3,8.15,0.9476744186046511627906976744186047
8.7,0.45,16.5,8.25,0.9482758620689655172413793103448276
8.8,0.45,16.7,8.35,0.9488636363636363636363636363636364
8.9,0.45,16.9,8.45,0.9494382022471910112359550561797753
9.0,0.45,17.1,8.55,0.95
9.1,0.45,17.3,8.65,0.9505494505494505494505494505494505
9.2,0.45,17.5,8.75,0.9510869565217391304347826086956522
9.3,0.45,17.7,8.85,0.9516129032258064516129032258064516
9.4,0.45,17.9,8.95,0.9521276595744680851063829787234043
9.5,0.45,18.1,9.05,0.9526315789473684210526315789473684
9.6,0.45,18.3,9.15,0.953125
9.7,0.45,18.5,9.25,0.9536082474226804123711340206185567
9.8,0.45,18.7,9.35,0.9540816326530612244897959183673469
9.9,0.45,18.9,9.45,0.9545454545454545454545454545454545
10.0,0.45,19.1,9.55,0.955
10.1,0.45,19.3,9.65,0.9554455445544554455445544554455446
10.2,0.45,19.5,9.75,0.9558823529411764705882352941176471
10.3,0.45,19.7,9.85,0.9563106796116504854368932038834951
10.4,0.45,19.9,9.95,0.9567307692307692307692307692307692
10.5,0.45,20.1,10.05,0.9571428571428571428571428571428571
10.6,0.45,20.3,10.15,0.9575471698113207547169811320754717
10.7,0.45,20.5,10.25,0.9579439252336448598130841121495327
10.8,0.45,20.7,10.35,0.9583333333333333333333333333333333
10.9,0.45,20.9,10.45,0.9587155963302752293577981651376147
11.0,0.45,21.1,10.55,0.9590909090909090909090909090909091
11.1,0.45,21.3,10.65,0.9594594594594594594594594594594595
11.2,0.45,21.5,10.75,0.9598214285714285714285714285714286
11.3,0.45,21.7,10.85,0.9601769911504424778761061946902655
11.4,0.45,21.9,10.95,0.9605263157894736842105263157894737
11.5,0.45,22.1,11.05,0.9608695652173913043478260869565217
11.6,0.45,22.3,11.15,0.9612068965517241379310344827586207
11.7,0.45,22.5,11.25,0.9615384615384615384615384615384615
11.8,0.45,22.7,11.35,0.9618644067796610169491525423728814
11.9,0.45,22.9,11.45,0.9621848739495798319327731092436975
12.0,0.45,23.1,11.55,0.9625
12.1,0.45,23.3,11.65,0.9628099173553719008264462809917355
12.2,0.45,23.5,11.75,0.9631147540983606557377049180327869
12.3,0.45,23.7,11.85,0.9634146341463414634146341463414634
12.4,0.45,23.9,11.95,0.9637096774193548387096774193548387
12.5,0.45,24.1,12.05,0.964
12.6,0.45,24.3,12.15,0.9642857142857142857142857142857143
12.7,0.45,24.5,12.25,0.9645669291338582677165354330708661
12.8,0.45,24.7,12.35,0.96484375
12.9,0.45,24.9,12.45,0.9651162790697674418604651162790698
13.0,0.45,25.1,12.55,0.9653846153846153846153846153846154
13.1,0.45,25.3,12.65,0.9656488549618320610687022900763359
13.2,0.45,25.5,12.75,0.9659090909090909090909090909090909
13.3,0.45,25.7,12.85,0.9661654135338345864661654135338346
13.4,0.45,25.9,12.95,0.9664179104477611940298507462686567
13.5,0.45,26.1,13.05,0.9666666666666666666666666666666667
13.6,0.45,26.3,13.15,0.9669117647058823529411764705882353
13.7,0.45,26.5,13.25,0.9671532846715328467153284671532847
13.8,0.45,26.7,13.35,0.9673913043478260869565217391304348
13.9,0.45,26.9,13.45,0.9676258992805755395683453237410072
14.0,0.45,27.1,13.55,0.9678571428571428571428571428571429
14.1,0.45,27.3,13.65,0.9680851063829787234042553191489362
14.2,0.45,27.5,13.75,0.9683098591549295774647887323943662
14.3,0.45,27.7,13.85,0.9685314685314685314685314685314685
14.4,0.50,27.8,13.9,0.9652777777777777777777777777777778
14.5,0.60,27.8,13.9,0.9586206896551724137931034482758621
14.6,0.70,27.8,13.9,0.9520547945205479452054794520547945
14.7,0.80,27.8,13.9,0.9455782312925170068027210884353741
14.8,0.90,27.8,13.9,0.9391891891891891891891891891891892
14.9,1.00,27.8,13.9,0.9328859060402684563758389261744966
15.0,1.10,27.8,13.9,0.9266666666666666666666666666666667
15.1,1.20,27.8,13.9,0.9205298013245033112582781456953642
15.2,1.30,27.8,13.9,0.9144736842105263157894736842105263
15.3,1.40,27.8,13.9,0.9084967320261437908496732026143791
15.4,1.50,27.8,13.9,0.9025974025974025974025974025974026
15.5,1.60,27.8,13.9,0.8967741935483870967741935483870968
15.6,1.65,27.8,13.9,0.8910256410256410256410256410256410
15.7,1.65,27.8,13.9,0.8853503184713375796178343949044586
15.8,1.65,27.8,13.9,0.8797468354430379746835443037974684
15.9,1.65,27.8,13.9,0.8742138364779874213836477987421384
16.0,1.65,27.8,13.9,0.86875
16.1,1.65,27.8,13.9,0.8633540372670807453416149068322981
16.2,1.65,27.8,13.9,0.8580246913580246913580246913580247
16.3,1.65,27.8,13.9,0.8527607361963190184049079754601227
16.4,1.65,27.8,13.9,0.8475609756097560975609756097560976
16.5,1.65,27.8,13.9,0.8424242424242424242424242424242424
16.6,1.65,27.8,13.9,0.8373493975903614457831325301204819
16.7,1.65,27.8,13.9,0.8323353293413173652694610778443114
16.8,1.65,27.8,13.9,0.8273809523809523809523809523809524
16.9,1.65,27.8,13.9,0.8224852071005917159763313609467456
17.0,1.65,27.8,13.9,0.8176470588235294117647058823529412
17.1,1.65,27.8,13.9,0.8128654970760233918128654970760234
17.2,1.65,27.8,13.9,0.8081395348837209302325581395348837
17.3,1.65,27.8,13.9,0.8034682080924855491329479768786127
17.4,1.65,27.8,13.9,0.7988505747126436781609195402298851
17.5,1.65,27.8,13.9,0.7942857142857142857142857142857143
17.6,1.65,27.8,13.9,0.7897727272727272727272727272727273
17.7,1.65,27.8,13.9,0.7853107344632768361581920903954802
17.8,1.65,27.8,13.9,0.7808988764044943820224719101123596
17.9,1.65,27.8,13.9,0.7765363128491620111731843575418994
18.0,1.65,27.8,13.9,0.7722222222222222222222222222222222
18.1,1.65,27.8,13.9,0.7679558011049723756906077348066298
18.2,1.65,27.8,13.9,0.7637362637362637362637362637362637
18.3,1.65,27.8,13.9,0.7595628415300546448087431693989071
18.4,1.65,27.8,13.9,0.7554347826086956521739130434782609
18.5,1.65,27.8,13.9,0.7513513513513513513513513513513514
18.6,1.65,27.8,13.9,0.7473118279569892473118279569892473
18.7,1.65,27.8,13.9,0.7433155080213903743315508021390374
18.8,1.65,27.8,13.9,0.7393617021276595744680851063829787
18.9,1.65,27.8,13.9,0.7354497354497354497354497354497354
19.0,1.65,27.8,13.9,0.7315789473684210526315789473684211
19.1,1.65,27.8,13.9,0.7277486910994764397905759162303665
19.2,1.65,27.8,13.9,0.7239583333333333333333333333333333
19.3,1.65,27.8,13.9,0.7202072538860103626943005181347150
19.4,1.65,27.8,13.9,0.7164948453608247422680412371134021
19.5,1.65,27.8,13.9,0.7128205128205128205128205128205128
19.6,1.65,27.8,13.9,0.7091836734693877551020408163265306
19.7,1.65,27.8,13.9,0.7055837563451776649746192893401015
19.8,1.65,27.8,13.9,0.7020202020202020202020202020202020
19.9,1.65,27.8,13.9,0.6984924623115577889447236180904523
20.0,1.65,27.8,13.9,0.695
20.1,1.65,27.8,13.9,0.6915422885572139303482587064676617
20.2,1.65,27.8,13.9,0.6881188118811881188118811881188119
20.3,1.65,27.8,13.9,0.6847290640394088669950738916256158
20.4,1.65,27.8,13.9,0.6813725490196078431372549019607843
20.5,1.65,27.8,13.9,0.6780487804878048780487804878048780
20.6,1.65,27.8,13.9,0.6747572815533980582524271844660194
20.7,1.65,27.8,13.9,0.6714975845410628019323671497584541
20.8,1.65,27.8,13.9,0.6682692307692307692307692307692308
20.9,1.65,27.8,13.9,0.6650717703349282296650717703349282
21.0,1.65,27.8,13.9,0.6619047619047619047619047619047619
21.1,1.65,27.8,13.9,0.6587677725118483412322274881516588
21.2,1.65,27.8,13.9,0.6556603773584905660377358490566038
21.3,1.65,27.8,13.9,0.6525821596244131455399061032863850
21.4,1.65,27.8,13.9,0.6495327102803738317757009345794393
21.5,1.65,27.8,13.9,0.6465116279069767441860465116279070
21.6,1.65,27.8,13.9,0.6435185185185185185185185185185185
21.7,1.65,27.8,13.9,0.6405529953917050691244239631336406
21.8,1.65,27.8,13.9,0.6376146788990825688073394495412844
21.9,1.65,27.8,13.9,0.6347031963470319634703196347031963
22.0,1.65,27.8,13.9,0.6318181818181818181818181818181818
22.1,1.65,27.8,13.9,0.6289592760180995475113122171945701
22.2,1.65,27.8,13.9,0.6261261261261261261261261261261261
22.3,1.65,27.8,13.9,0.6233183856502242152466367713004484
22.4,1.65,27.8,13.9,0.6205357142857142857142857142857143
22.5,1.65,27.8,13.9,0.6177777777777777777777777777777778
22.6,1.65,27.8,13.9,0.6150442477876106194690265486725664
22.7,1.65,27.8,13.9,0.6123348017621145374449339207048458
22.8,1.65,27.8,13.9,0.6096491228070175438596491228070175
22.9,1.65,27.8,13.9,0.6069868995633187772925764192139738
23.0,1.65,27.8,13.9,0.6043478260869565217391304347826087
23.1,1.65,27.8,13.9,0.6017316017316017316017316017316017
23.2,1.65,27.8,13.9,0.5991379310344827586206896551724138
23.3,1.65,27.8,13.9,0.5965665236051502145922746781115880
23.4,1.65,27.8,13.9,0.5940170940170940170940170940170940
23.5,1.65,27.8,13.9,0.5914893617021276595744680851063830
23.6,1.65,27.8,13.9,0.5889830508474576271186440677966102
23.7,1.65,27.8,13.9,0.5864978902953586497890295358649789
23.8,1.65,27.8,13.9,0.5840336134453781512605042016806723
23.9,1.65,27.8,13.9,0.5815899581589958158995815899581590
24.0,1.65,27.8,13.9,0.5791666666666666666666666666666667
24.1,1.65,27.8,13.9,0.5767634854771784232365145228215768
24.2,1.65,27.8,13.9,0.5743801652892561983471074380165289
24.3,1.65,27.8,13.9,0.5720164609053497942386831275720165
24.4,1.65,27.8,13.9,0.5696721311475409836065573770491803
24.5,1.65,27.8,13.9,0.5673469387755102040816326530612245
24.6,1.65,27.8,13.9,0.5650406504065040650406504065040650
24.7,1.65,27.8,13.9,0.5627530364372469635627530364372470
24.8,1.65,27.8,13.9,0.5604838709677419354838709677419355
24.9,1.65,27.8,13.9,0.5582329317269076305220883534136546
25.0,1.65,27.8,13.9,0.556
25.1,1.65,27.8,13.9,0.5537848605577689243027888446215139
25.2,1.65,27.8,13.9,0.5515873015873015873015873015873016
25.3,1.65,27.8,13.9,0.5494071146245059288537549407114625
25.4,1.65,27.8,13.9,0.5472440944881889763779527559055118
25.5,1.65,27.8,13.9,0.5450980392156862745098039215686275
25.6,1.65,27.8,13.9,0.54296875
25.7,1.65,27.8,13.9,0.5408560311284046692607003891050584
25.8,1.65,27.8,13.9,0.5387596899224806201550387596899225
25.9,1.65,27.8,13.9,0.5366795366795366795366795366795367
26.0,1.65,27.8,13.9,0.5346153846153846153846153846153846
26.1,1.65,27.8,13.9,0.5325670498084291187739463601532567
26.2,1.65,27.8,13.9,0.5305343511450381679389312977099237
26.3,1.65,27.8,13.9,0.5285171102661596958174904942965779
26.4,1.65,27.8,13.9,0.5265151515151515151515151515151515
26.5,1.65,27.8,13.9,0.5245283018867924528301886792452830
26.6,1.65,27.8,13.9,0.5225563909774436090225563909774436
26.7,1.65,27.8,13.9,0.5205992509363295880149812734082397
26.8,1.65,27.8,13.9,0.5186567164179104477611940298507463
26.9,1.65,27.8,13.9,0.5167286245353159851301115241635688
27.0,1.65,27.8,13.9,0.5148148148148148148148148148148148
27.1,1.65,27.8,13.9,0.5129151291512915129151291512915129
27.2,1.65,27.8,13.9,0.5110294117647058823529411764705882
27.3,1.65,27.8,13.9,0.5091575091575091575091575091575092
27.4,1.65,27.8,13.9,0.5072992700729927007299270072992701
27.5,1.65,27.8,13.9,0.5054545454545454545454545454545455
27.6,1.65,27.8,13.9,0.5036231884057971014492753623188406
27.7,1.65,27.8,13.9,0.5018050541516245487364620938628159
27.8,1.65,27.8,13.9,0.5
27.9,1.65,27.8,13.9,0.4982078853046594982078853046594982
28.0,1.65,27.8,13.9,0.4964285714285714285714285714285714
28.1,1.65,27.8,13.9,0.4946619217081850533807829181494662
28.2,1.65,27.8,13.9,0.4929078014184397163120567375886525
28.3,1.65,27.8,13.9,0.4911660777385159010600706713780919
28.4,1.65,27.8,13.9,0.4894366197183098591549295774647887
28.5,1.65,27.8,13.9,0.4877192982456140350877192982456140
28.6,1.65,27.8,13.9,0.4860139860139860139860139860139860
28.7,1.65,27.8,13.9,0.4843205574912891986062717770034843
28.8,1.65,27.8,13.9,0.4826388888888888888888888888888889
28.9,1.65,27.8,13.9,0.4809688581314878892733564013840830
29.0,1.65,27.8,13.9,0.4793103448275862068965517241379310
29.1,1.65,27.8,13.9,0.4776632302405498281786941580756014
29.2,1.65,27.8,13.9,0.4760273972602739726027397260273973
29.3,1.65,27.8,13.9,0.4744027303754266211604095563139932
29.4,1.65,27.8,13.9,0.4727891156462585034013605442176871
29.5,1.65,27.8,13.9,0.4711864406779661016949152542372881
29.6,1.65,27.8,13.9,0.4695945945945945945945945945945946
29.7,1.65,27.8,13.9,0.4680134680134680134680134680134680
29.8,1.65,27.8,13.9,0.4664429530201342281879194630872483
29.9,1.65,27.8,13.9,0.4648829431438127090301003344481605
30.0,1.65,27.8,13.9,0.4633333333333333333333333333333333
30.1,1.65,27.8,13.9,0.4617940199335548172757475083056478
30.2,1.65,27.8,13.9,0.4602649006622516556291390728476821
30.3,1.65,27.8,13.9,0.4587458745874587458745874587458746
30.4,1.65,27.8,13.9,0.4572368421052631578947368421052632
30.5,1.65,27.8,13.9,0.4557377049180327868852459016393443
30.6,1.65,27.8,13.9,0.4542483660130718954248366013071895
30.7,1.65,27.8,13.9,0.4527687296416938110749185667752443
30.8,1.65,27.8,13.9,0.4512987012987012987012987012987013
30.9,1.65,27.8,13.9,0.4498381877022653721682847896440129
31.0,1.65,27.8,13.9,0.4483870967741935483870967741935484
31.1,1.65,27.8,13.9,0.4469453376205787781350482315112540
31.2,1.65,27.8,13.9,0.4455128205128205128205128205128205
31.3,1.65,27.8,13.9,0.4440894568690095846645367412140575
31.4,1.65,27.8,13.9,0.4426751592356687898089171974522293
31.5,1.65,27.8,13.9,0.4412698412698412698412698412698413
31.6,1.65,27.8,13.9,0.4398734177215189873417721518987342
31.7,1.65,27.8,13.9,0.4384858044164037854889589905362776
31.8,1.65,27.8,13.9,0.4371069182389937106918238993710692
31.9,1.65,27.8,13.9,0.4357366771159874608150470219435737
32.0,1.65,27.8,13.9,0.434375
32.1,1.65,27.8,13.9,0.4330218068535825545171339563862928
32.2,1.65,27.8,13.9,0.4316770186335403726708074534161491
32.3,1.65,27.8,13.9,0.4303405572755417956656346749226006
32.4,1.65,27.8,13.9,0.4290123456790123456790123456790123
32.5,1.65,27.8,13.9,0.4276923076923076923076923076923077
32.6,1.65,27.8,13.9,0.4263803680981595092024539877300613
32.7,1.65,27.8,13.9,0.4250764525993883792048929663608563
32.8,1.65,27.8,13.9,0.4237804878048780487804878048780488
32.9,1.65,27.8,13.9,0.4224924012158054711246200607902736
33.0,1.65,27.8,13.9,0.4212121212121212121212121212121212
33.1,1.65,27.8,13.9,0.4199395770392749244712990936555891
33.2,1.65,27.8,13.9,0.4186746987951807228915662650602410
33.3,1.65,27.8,13.9,0.4174174174174174174174174174174174
33.4,1.70,27.8,13.9,0.4161676646706586826347305389221557
33.5,1.80,27.8,13.9,0.4149253731343283582089552238805970
33.6,1.90,27.8,13.9,0.4136904761904761904761904761904762
33.7,2.00,27.8,13.9,0.4124629080118694362017804154302671
33.8,2.10,27.8,13.9,0.4112426035502958579881656804733728
33.9,2.20,27.8,13.9,0.4100294985250737463126843657817109
34.0,2.30,27.8,13.9,0.4088235294117647058823529411764706
34.1,2.40,27.8,13.9,0.4076246334310850439882697947214076
34.2,2.50,27.8,13.9,0.4064327485380116959064327485380117
34.3,2.60,27.8,13.9,0.4052478134110787172011661807580175
34.4,2.70,27.8,13.9,0.4040697674418604651162790697674419
34.5,2.80,27.8,13.9,0.4028985507246376811594202898550725
34.6,2.90,27.8,13.9,0.4017341040462427745664739884393064
34.7,3.00,27.8,13.9,0.4005763688760806916426512968299712
34.8,3.10,27.8,13.9,0.3994252873563218390804597701149425
34.9,3.15,27.8,13.9,0.3982808022922636103151862464183381
35.0,3.15,27.8,13.9,0.3971428571428571428571428571428571
35.1,3.15,27.8,13.9,0.3960113960113960113960113960113960
35.2,3.15,27.8,13.9,0.3948863636363636363636363636363636
35.3,3.15,27.8,13.9,0.3937677053824362606232294617563739
35.4,3.15,27.8,13.9,0.3926553672316384180790960451977401
35.5,3.15,27.8,13.9,0.3915492957746478873239436619718310
35.6,3.15,27.8,13.9,0.3904494382022471910112359550561798
35.7,3.15,27.8,13.9,0.3893557422969187675070028011204482
35.8,3.15,27.8,13.9,0.3882681564245810055865921787709497
35.9,3.15,27.8,13.9,0.3871866295264623955431754874651811
36.0,3.15,27.8,13.9,0.3861111111111111111111111111111111
36.1,3.15,27.8,13.9,0.3850415512465373961218836565096953
36.2,3.15,27.8,13.9,0.3839779005524861878453038674033149
36.3,3.15,27.8,13.9,0.3829201101928374655647382920110193
36.4,3.15,27.8,13.9,0.3818681318681318681318681318681319
36.5,3.15,27.8,13.9,0.3808219178082191780821917808219178
36.6,3.15,27.8,13.9,0.3797814207650273224043715846994536
36.7,3.15,27.8,13.9,0.3787465940054495912806539509536785
36.8,3.15,27.8,13.9,0.3777173913043478260869565217391304
36.9,3.15,27.8,13.9,0.3766937669376693766937669376693767
37.0,3.15,27.8,13.9,0.3756756756756756756756756756756757
37.1,3.15,27.8,13.9,0.3746630727762803234501347708894879
37.2,3.15,27.8,13.9,0.3736559139784946236559139784946237
37.3,3.15,27.8,13.9,0.3726541554959785522788203753351206
37.4,3.15,27.8,13.9,0.3716577540106951871657754010695187
37.5,3.15,27.8,13.9,0.3706666666666666666666666666666667
37.6,3.15,27.8,13.9,0.3696808510638297872340425531914894
37.7,3.15,27.8,13.9,0.3687002652519893899204244031830239
37.8,3.15,27.8,13.9,0.3677248677248677248677248677248677
37.9,3.15,27.8,13.9,0.3667546174142480211081794195250660
38.0,3.15,27.8,13.9,0.3657894736842105263157894736842105
38.1,3.15,27.8,13.9,0.3648293963254593175853018372703412
38.2,3.15,27.8,13.9,0.3638743455497382198952879581151832
38.3,3.15,27.8,13.9,0.3629242819843342036553524804177546
38.4,3.15,27.8,13.9,0.3619791666666666666666666666666667
38.5,3.15,27.8,13.9,0.3610389610389610389610389610389610
38.6,3.15,27.8,13.9,0.3601036269430051813471502590673575
38.7,3.15,27.8,13.9,0.3591731266149870801033591731266150
38.8,3.15,27.8,13.9,0.3582474226804123711340206185567010
38.9,3.15,27.8,13.9,0.3573264781491002570694087403598972
39.0,3.15,27.8,13.9,0.3564102564102564102564102564102564
39.1,3.15,27.8,13.9,0.3554987212276214833759590792838875
39.2,3.15,27.8,13.9,0.3545918367346938775510204081632653
39.3,3.15,27.8,13.9,0.3536895674300254452926208651399491
39.4,3.15,27.8,13.9,0.3527918781725888324873096446700508
39.5,3.15,27.8,13.9,0.3518987341772151898734177215189873
39.6,3.15,27.8,13.9,0.3510101010101010101010101010101010
39.7,3.15,27.8,13.9,0.3501259445843828715365239294710327
39.8,3.15,27.8,13.9,0.3492462311557788944723618090452261
39.9,3.15,27.8,13.9,0.3483709273182957393483709273182957
40.0,3.15,27.8,13.9,0.3475
40.1,3.15,27.8,13.9,0.3466334164588528678304239401496259
40.2,3.15,27.8,13.9,0.3457711442786069651741293532338308
40.3,3.15,27.8,13.9,0.3449131513647642679900744416873449
40.4,3.15,27.8,13.9,0.3440594059405940594059405940594059
40.5,3.15,27.8,13.9,0.3432098765432098765432098765432099
40.6,3.15,27.8,13.9,0.3423645320197044334975369458128079
40.7,3.15,27.8,13.9,0.3415233415233415233415233415233415
40.8,3.15,27.8,13.9,0.3406862745098039215686274509803922
40.9,3.15,27.8,13.9,0.3398533007334963325183374083129584
41.0,3.15,27.8,13.9,0.3390243902439024390243902439024390
41.1,3.15,27.8,13.9,0.3381995133819951338199513381995134
41.2,3.15,27.8,13.9,0.3373786407766990291262135922330097
41.3,3.15,27.8,13.9,0.3365617433414043583535108958837772
41.4,3.15,27.8,13.9,0.3357487922705314009661835748792271
41.5,3.15,27.8,13.9,0.3349397590361445783132530120481928
41.6,3.15,27.8,13.9,0.3341346153846153846153846153846154
41.7,3.15,27.8,13.9,0.3333333333333333333333333333333333
41.8,3.15,27.8,13.9,0.3325358851674641148325358851674641
41.9,3.15,27.8,13.9,0.3317422434367541766109785202863962
42.0,3.15,27.8,13.9,0.3309523809523809523809523809523810
42.1,3.15,27.8,13.9,0.3301662707838479809976247030878860
42.2,3.15,27.8,13.9,0.3293838862559241706161137440758294
42.3,3.15,27.8,13.9,0.3286052009456264775413711583924350
42.4,3.15,27.8,13.9,0.3278301886792452830188679245283019
42.5,3.15,27.8,13.9,0.3270588235294117647058823529411765
42.6,3.15,27.8,13.9,0.3262910798122065727699530516431925
42.7,3.15,27.8,13.9,0.3255269320843091334894613583138173
42.8,3.15,27.8,13.9,0.3247663551401869158878504672897196
42.9,3.15,27.8,13.9,0.3240093240093240093240093240093240
43.0,3.15,27.8,13.9,0.3232558139534883720930232558139535
43.1,3.15,27.8,13.9,0.3225058004640371229698375870069606
43.2,3.15,27.8,13.9,0.3217592592592592592592592592592593
43.3,3.15,27.8,13.9,0.3210161662817551963048498845265589
43.4,3.15,27.8,13.9,0.3202764976958525345622119815668203
43.5,3.15,27.8,13.9,0.3195402298850574712643678160919540
43.6,3.15,27.8,13.9,0.3188073394495412844036697247706422
43.7,3.15,27.8,13.9,0.3180778032036613272311212814645309
43.8,3.15,27.8,13.9,0.3173515981735159817351598173515982
43.9,3.15,27.8,13.9,0.3166287015945330296127562642369021
44.0,3.15,27.8,13.9,0.3159090909090909090909090909090909
44.1,3.15,27.8,13.9,0.3151927437641723356009070294784580
44.2,3.15,27.8,13.9,0.3144796380090497737556561085972851
44.3,3.15,27.8,13.9,0.3137697516930022573363431151241535
44.4,3.15,27.8,13.9,0.3130630630630630630630630630630631
44.5,3.15,27.8,13.9,0.3123595505617977528089887640449438
44.6,3.15,27.8,13.9,0.3116591928251121076233183856502242
44.7,3.15,27.8,13.9,0.3109619686800894854586129753914989
44.8,3.15,27.8,13.9,0.3102678571428571428571428571428571
44.9,3.15,27.8,13.9,0.3095768374164810690423162583518931
45.0,3.15,27.8,13.9,0.3088888888888888888888888888888889
45.1,3.15,27.8,13.9,0.3082039911308203991130820399113082
45.2,3.15,27.8,13.9,0.3075221238938053097345132743362832
45.3,3.15,27.9,13.95,0.3079470198675496688741721854304636
45.4,3.15,28.1,14.05,0.3094713656387665198237885462555066
45.5,3.15,28.3,14.15,0.3109890109890109890109890109890110
45.6,3.15,28.5,14.25,0.3125
45.7,3.15,28.7,14.35,0.3140043763676148796498905908096280
45.8,3.15,28.9,14.45,0.3155021834061135371179039301310044
45.9,3.15,29.1,14.55,0.3169934640522875816993464052287582
46.0,3.15,29.3,14.65,0.3184782608695652173913043478260870
46.1,3.15,29.5,14.75,0.3199566160520607375271149674620390
46.2,3.15,29.7,14.85,0.3214285714285714285714285714285714
46.3,3.15,29.9,14.95,0.3228941684665226781857451403887689
46.4,3.15,30.1,15.05,0.3243534482758620689655172413793103
46.5,3.15,30.3,15.15,0.3258064516129032258064516129032258
46.6,3.15,30.5,15.25,0.3272532188841201716738197424892704
46.7,3.15,30.7,15.35,0.3286937901498929336188436830835118
46.8,3.15,30.9,15.45,0.3301282051282051282051282051282051
46.9,3.15,31.1,15.55,0.3315565031982942430703624733475480
47.0,3.15,31.3,15.65,0.3329787234042553191489361702127660
47.1,3.15,31.5,15.75,0.3343949044585987261146496815286624
47.2,3.15,31.7,15.85,0.3358050847457627118644067796610169
47.3,3.15,31.9,15.95,0.3372093023255813953488372093023256
47.4,3.15,32.1,16.05,0.3386075949367088607594936708860759
47.5,3.15,32.3,16.15,0.34
47.6,3.15,32.5,16.25,0.3413865546218487394957983193277311
47.7,3.15,32.7,16.35,0.3427672955974842767295597484276730
47.8,3.15,32.9,16.45,0.3441422594142259414225941422594142
47.9,3.15,33.1,16.55,0.3455114822546972860125260960334029
48.0,3.15,33.3,16.65,0.346875
48.1,3.15,33.5,16.75,0.3482328482328482328482328482328482
48.2,3.15,33.7,16.85,0.3495850622406639004149377593360996
48.3,3.15,33.9,16.95,0.3509316770186335403726708074534161
48.4,3.15,34.1,17.05,0.3522727272727272727272727272727273
48.5,3.15,34.3,17.15,0.3536082474226804123711340206185567
48.6,3.15,34.5,17.25,0.3549382716049382716049382716049383
48.7,3.15,34.7,17.35,0.3562628336755646817248459958932238
48.8,3.15,34.9,17.45,0.3575819672131147540983606557377049
48.9,3.15,35.1,17.55,0.3588957055214723926380368098159509
49.0,3.15,35.3,17.65,0.3602040816326530612244897959183673
49.1,3.15,35.5,17.75,0.3615071283095723014256619144602851
49.2,3.15,35.7,17.85,0.3628048780487804878048780487804878
49.3,3.15,35.9,17.95,0.3640973630831643002028397565922921
49.4,3.15,36.1,18.05,0.3653846153846153846153846153846154
49.5,3.15,36.3,18.15,0.3666666666666666666666666666666667
49.6,3.15,36.5,18.25,0.3679435483870967741935483870967742
49.7,3.15,36.7,18.35,0.3692152917505030181086519114688129
49.8,3.15,36.9,18.45,0.3704819277108433734939759036144578
49.9,3.15,37.1,18.55,0.3717434869739478957915831663326653
50.0,3.15,37.3,18.65,0.373
50.1,3.15,37.5,18.75,0.3742514970059880239520958083832335
50.2,3.15,37.7,18.85,0.3754980079681274900398406374501992
50.3,3.15,37.9,18.95,0.3767395626242544731610337972166998
50.4,3.15,38.1,19.05,0.3779761904761904761904761904761905
50.5,3.15,38.3,19.15,0.3792079207920792079207920792079208
50.6,3.15,38.5,19.25,0.3804347826086956521739130434782609
50.7,3.15,38.7,19.35,0.3816568047337278106508875739644970
50.8,3.15,38.9,19.45,0.3828740157480314960629921259842520
50.9,3.15,39.1,19.55,0.3840864440078585461689587426326130
51.0,3.15,39.3,19.65,0.3852941176470588235294117647058824
51.1,3.15,39.5,19.75,0.3864970645792563600782778864970646
51.2,3.15,39.7,19.85,0.3876953125
51.3,3.15,39.9,19.95,0.3888888888888888888888888888888889
51.4,3.15,40.1,20.05,0.3900778210116731517509727626459144
51.5,3.15,40.3,20.15,0.3912621359223300970873786407766990
51.6,3.15,40.5,20.25,0.3924418604651162790697674418604651
51.7,3.15,40.7,20.35,0.3936170212765957446808510638297872
51.8,3.15,40.9,20.45,0.3947876447876447876447876447876448
51.9,3.15,41.1,20.55,0.3959537572254335260115606936416185
52.0,3.15,41.3,20.65,0.3971153846153846153846153846153846
52.1,3.15,41.5,20.75,0.3982725527831094049904030710172745
52.2,3.15,41.7,20.85,0.3994252873563218390804597701149425
52.3,3.15,41.9,20.95,0.4005736137667304015296367112810707
52.4,3.15,42.1,21.05,0.4017175572519083969465648854961832
52.5,3.15,42.3,21.15,0.4028571428571428571428571428571429
52.6,3.15,42.5,21.25,0.4039923954372623574144486692015209
52.7,3.15,42.7,21.35,0.4051233396584440227703984819734345
52.8,3.15,42.9,21.45,0.40625
52.9,3.15,43.1,21.55,0.4073724007561436672967863894139887
53.0,3.15,43.3,21.65,0.4084905660377358490566037735849057
53.1,3.15,43.5,21.75,0.4096045197740112994350282485875706
53.2,3.15,43.7,21.85,0.4107142857142857142857142857142857
53.3,3.15,43.9,21.95,0.4118198874296435272045028142589118
53.4,3.15,44.1,22.05,0.4129213483146067415730337078651685
53.5,3.15,44.3,22.15,0.4140186915887850467289719626168224
53.6,3.15,44.5,22.25,0.4151119402985074626865671641791045
53.7,3.15,44.7,22.35,0.4162011173184357541899441340782123
53.8,3.15,44.9,22.45,0.4172862453531598513011152416356877
53.9,3.15,45.1,22.55,0.4183673469387755102040816326530612
54.0,3.15,45.3,22.65,0.4194444444444444444444444444444444
54.1,3.15,45.5,22.75,0.4205175600739371534195933456561922
54.2,3.15,45.7,22.85,0.4215867158671586715867158671586716
54.3,3.15,45.9,22.95,0.4226519337016574585635359116022099
54.4,3.15,46.1,23.05,0.4237132352941176470588235294117647
54.5,3.15,46.3,23.15,0.4247706422018348623853211009174312
54.6,3.15,46.5,23.25,0.4258241758241758241758241758241758
54.7,3.15,46.7,23.35,0.4268738574040219378427787934186472
54.8,3.15,46.9,23.45,0.4279197080291970802919708029197080
54.9,3.15,47.1,23.55,0.4289617486338797814207650273224044
55.0,3.15,47.3,23.65,0.43
55.1,3.15,47.5,23.75,0.4310344827586206896551724137931034
55.2,3.15,47.7,23.85,0.4320652173913043478260869565217391
55.3,3.15,47.9,23.95,0.4330922242314647377938517179023508
55.4,3.15,48.1,24.05,0.4341155234657039711191335740072202
55.5,3.15,48.3,24.15,0.4351351351351351351351351351351351
55.6,3.15,48.5,24.25,0.4361510791366906474820143884892086
55.7,3.15,48.7,24.35,0.4371633752244165170556552962298025
55.8,3.15,48.9,24.45,0.4381720430107526881720430107526882
55.9,3.15,49.1,24.55,0.4391771019677996422182468694096601
56.0,3.15,49.3,24.65,0.4401785714285714285714285714285714
56.1,3.15,49.5,24.75,0.4411764705882352941176470588235294
56.2,3.15,49.7,24.85,0.4421708185053380782918149466192171
56.3,3.15,49.9,24.95,0.4431616341030195381882770870337478
56.4,3.15,50.1,25.05,0.4441489361702127659574468085106383
56.5,3.15,50.3,25.15,0.4451327433628318584070796460176991
56.6,3.15,50.5,25.25,0.4461130742049469964664310954063604
56.7,3.15,50.7,25.35,0.4470899470899470899470899470899471
56.8,3.15,50.9,25.45,0.4480633802816901408450704225352113
56.9,3.15,51.1,25.55,0.4490333919156414762741652021089631
57.0,3.15,51.3,25.65,0.45
57.1,3.15,51.5,25.75,0.4509632224168126094570928196147110
57.2,3.15,51.7,25.85,0.4519230769230769230769230769230769
57.3,3.15,51.9,25.95,0.4528795811518324607329842931937173
57.4,3.15,52.1,26.05,0.4538327526132404181184668989547038
57.5,3.15,52.3,26.15,0.4547826086956521739130434782608696
57.6,3.15,52.5,26.25,0.4557291666666666666666666666666667
57.7,3.15,52.7,26.35,0.4566724436741767764298093587521664
57.8,3.15,52.9,26.45,0.4576124567474048442906574394463668
57.9,3.15,53.1,26.55,0.4585492227979274611398963730569948
58.0,3.15,53.3,26.65,0.4594827586206896551724137931034483
58.1,3.15,53.5,26.75,0.4604130808950086058519793459552496
58.2,3.15,53.7,26.85,0.4613402061855670103092783505154639
58.3,3.15,53.9,26.95,0.4622641509433962264150943396226415
58.4,3.15,54.1,27.05,0.4631849315068493150684931506849315
58.5,3.15,54.3,27.15,0.4641025641025641025641025641025641
58.6,3.15,54.5,27.25,0.4650170648464163822525597269624573
58.7,3.15,54.7,27.35,0.4659284497444633730834752981260647
58.8,3.15,54.9,27.45,0.4668367346938775510204081632653061
58.9,3.15,55.1,27.55,0.4677419354838709677419354838709677
59.0,3.15,55.3,27.65,0.4686440677966101694915254237288136
59.1,3.15,55.5,27.75,0.4695431472081218274111675126903553
59.2,3.15,55.7,27.85,0.4704391891891891891891891891891892
59.3,3.15,55.9,27.95,0.4713322091062394603709949409780776
59.4,3.15,56.1,28.05,0.4722222222222222222222222222222222
59.5,3.15,56.3,28.15,0.4731092436974789915966386554621849
59.6,3.15,56.5,28.25,0.4739932885906040268456375838926174
59.7,3.15,56.7,28.35,0.4748743718592964824120603015075377
59.8,3.15,56.9,28.45,0.4757525083612040133779264214046823
59.9,3.20,57.0,28.5,0.4757929883138564273789649415692821
60.0,3.30,57.0,28.5,0.475
60.1,3.40,57.0,28.5,0.4742096505823627287853577371048253
60.2,3.50,57.0,28.5,0.4734219269102990033222591362126246
60.3,3.60,57.0,28.5,0.4726368159203980099502487562189055
60.4,3.70,57.0,28.5,0.4718543046357615894039735099337748
60.5,3.80,57.0,28.5,0.4710743801652892561983471074380165
60.6,3.90,57.0,28.5,0.4702970297029702970297029702970297
60.7,4.00,57.0,28.5,0.4695222405271828665568369028006590
60.8,4.10,57.0,28.5,0.46875
60.9,4.20,57.0,28.5,0.4679802955665024630541871921182266
61.0,4.30,57.0,28.5,0.4672131147540983606557377049180328
61.1,4.35,57.0,28.5,0.4664484451718494271685761047463175
61.2,4.35,57.0,28.5,0.4656862745098039215686274509803922
61.3,4.35,57.0,28.5,0.4649265905383360522022838499184339
61.4,4.35,57.0,28.5,0.4641693811074918566775244299674267
61.5,4.35,57.0,28.5,0.4634146341463414634146341463414634
61.6,4.35,57.0,28.5,0.4626623376623376623376623376623377
61.7,4.35,57.0,28.5,0.4619124797406807131280388978930308
61.8,4.35,57.0,28.5,0.4611650485436893203883495145631068
61.9,4.35,57.0,28.5,0.4604200323101777059773828756058158
62.0,4.35,57.0,28.5,0.4596774193548387096774193548387097
62.1,4.35,57.0,28.5,0.4589371980676328502415458937198068
62.2,4.35,57.0,28.5,0.4581993569131832797427652733118971
62.3,4.35,57.0,28.5,0.4574638844301765650080256821829856
62.4,4.35,57.0,28.5,0.4567307692307692307692307692307692
62.5,4.35,57.0,28.5,0.456
62.6,4.35,57.0,28.5,0.4552715654952076677316293929712460
62.7,4.35,57.0,28.5,0.4545454545454545454545454545454545
62.8,4.35,57.0,28.5,0.4538216560509554140127388535031847
62.9,4.35,57.0,28.5,0.4531001589825119236883942766295707
63.0,4.35,57.0,28.5,0.4523809523809523809523809523809524
63.1,4.35,57.0,28.5,0.4516640253565768621236133122028526
63.2,4.35,57.0,28.5,0.4509493670886075949367088607594937
63.3,4.35,57.0,28.5,0.4502369668246445497630331753554502
63.4,4.35,57.0,28.5,0.4495268138801261829652996845425868
63.5,4.35,57.0,28.5,0.4488188976377952755905511811023622
63.6,4.35,57.0,28.5,0.4481132075471698113207547169811321
63.7,4.35,57.0,28.5,0.4474097331240188383045525902668760
63.8,4.35,57.0,28.5,0.4467084639498432601880877742946708
63.9,4.35,57.0,28.5,0.4460093896713615023474178403755869
64.0,4.35,57.0,28.5,0.4453125
64.1,4.35,57.0,28.5,0.4446177847113884555382215288611544
64.2,4.35,57.0,28.5,0.4439252336448598130841121495327103
64.3,4.35,57.0,28.5,0.4432348367029548989113530326594090
64.4,4.35,57.0,28.5,0.4425465838509316770186335403726708
64.5,4.35,57.0,28.5,0.4418604651162790697674418604651163
64.6,4.35,57.0,28.5,0.4411764705882352941176470588235294
64.7,4.35,57.0,28.5,0.4404945904173106646058732612055641
64.8,4.35,57.0,28.5,0.4398148148148148148148148148148148
64.9,4.35,57.0,28.5,0.4391371340523882896764252696456086
65.0,4.35,57.0,28.5,0.4384615384615384615384615384615385
65.1,4.35,57.0,28.5,0.4377880184331797235023041474654378
65.2,4.35,57.0,28.5,0.4371165644171779141104294478527607
65.3,4.35,57.0,28.5,0.4364471669218989280245022970903522
65.4,4.35,57.0,28.5,0.4357798165137614678899082568807339
65.5,4.35,57.0,28.5,0.4351145038167938931297709923664122
65.6,4.35,57.0,28.5,0.4344512195121951219512195121951220
65.7,4.35,57.0,28.5,0.4337899543378995433789954337899543
65.8,4.35,57.0,28.5,0.4331306990881458966565349544072948
65.9,4.35,57.0,28.5,0.4324734446130500758725341426403642
66.0,4.35,57.0,28.5,0.4318181818181818181818181818181818
66.1,4.35,57.0,28.5,0.4311649016641452344931921331316188
66.2,4.35,57.0,28.5,0.4305135951661631419939577039274924
66.3,4.35,57.0,28.5,0.4298642533936651583710407239819005
66.4,4.35,57.0,28.5,0.4292168674698795180722891566265060
66.5,4.35,57.0,28.5,0.4285714285714285714285714285714286
66.6,4.35,57.0,28.5,0.4279279279279279279279279279279279
66.7,4.35,57.0,28.5,0.4272863568215892053973013493253373
66.8,4.35,57.0,28.5,0.4266467065868263473053892215568862
66.9,4.35,57.0,28.5,0.4260089686098654708520179372197309
67.0,4.35,57.0,28.5,0.4253731343283582089552238805970149
67.1,4.35,57.0,28.5,0.4247391952309985096870342771982116
67.2,4.35,57.0,28.5,0.4241071428571428571428571428571429
67.3,4.35,57.0,28.5,0.4234769687964338781575037147102526
67.4,4.35,57.0,28.5,0.4228486646884272997032640949554896
67.5,4.35,57.0,28.5,0.4222222222222222222222222222222222
67.6,4.35,57.0,28.5,0.4215976331360946745562130177514793
67.7,4.35,57.0,28.5,0.4209748892171344165435745937961595
67.8,4.35,57.0,28.5,0.4203539823008849557522123893805310
67.9,4.35,57.0,28.5,0.4197349042709867452135493372606775
68.0,4.35,57.0,28.5,0.4191176470588235294117647058823529
68.1,4.35,57.0,28.5,0.4185022026431718061674008810572687
68.2,4.35,57.0,28.5,0.4178885630498533724340175953079179
68.3,4.35,57.0,28.5,0.4172767203513909224011713030746706
68.4,4.35,57.0,28.5,0.4166666666666666666666666666666667
68.5,4.35,57.0,28.5,0.4160583941605839416058394160583942
68.6,4.35,57.0,28.5,0.4154518950437317784256559766763848
68.7,4.35,57.0,28.5,0.4148471615720524017467248908296943
68.8,4.35,57.0,28.5,0.4142441860465116279069767441860465
68.9,4.35,57.0,28.5,0.4136429608127721335268505079825835
69.0,4.35,57.0,28.5,0.4130434782608695652173913043478261
69.1,4.35,57.0,28.5,0.4124457308248914616497829232995658
69.2,4.35,57.0,28.5,0.4118497109826589595375722543352601
69.3,4.35,57.0,28.5,0.4112554112554112554112554112554113
69.4,4.35,57.0,28.5,0.4106628242074927953890489913544669
69.5,4.35,57.0,28.5,0.4100719424460431654676258992805755
69.6,4.35,57.0,28.5,0.4094827586206896551724137931034483
69.7,4.35,57.0,28.5,0.4088952654232424677187948350071736
69.8,4.35,57.0,28.5,0.4083094555873925501432664756446991
69.9,4.35,57.0,28.5,0.4077253218884120171673819742489270
70.0,4.35,57.0,28.5,0.4071428571428571428571428571428571
70.1,4.35,57.0,28.5,0.4065620542082738944365192582025678
70.2,4.35,57.0,28.5,0.4059829059829059829059829059829060
70.3,4.35,57.0,28.5,0.4054054054054054054054054054054054
70.4,4.35,57.0,28.5,0.4048295454545454545454545454545455
70.5,4.35,57.0,28.5,0.4042553191489361702127659574468085
70.6,4.35,57.0,28.5,0.4036827195467422096317280453257790
70.7,4.35,57.0,28.5,0.4031117397454031117397454031117397
70.8,4.35,57.0,28.5,0.4025423728813559322033898305084746
70.9,4.35,57.0,28.5,0.4019746121297602256699576868829337
71.0,4.35,57.0,28.5,0.4014084507042253521126760563380282
71.1,4.35,57.0,28.5,0.4008438818565400843881856540084388
71.2,4.35,57.0,28.5,0.4002808988764044943820224719101124
71.3,4.35,57.0,28.5,0.3997194950911640953716690042075736
71.4,4.35,57.0,28.5,0.3991596638655462184873949579831933
71.5,4.35,57.0,28.5,0.3986013986013986013986013986013986
71.6,4.35,57.0,28.5,0.3980446927374301675977653631284916
71.7,4.35,57.0,28.5,0.3974895397489539748953974895397490
71.8,4.35,57.0,28.5,0.3969359331476323119777158774373259
71.9,4.35,57.0,28.5,0.3963838664812239221140472878998609
72.0,4.35,57.0,28.5,0.3958333333333333333333333333333333
72.1,4.35,57.0,28.5,0.3952843273231622746185852981969487
72.2,4.35,57.0,28.5,0.3947368421052631578947368421052632
72.3,4.35,57.0,28.5,0.3941908713692946058091286307053942
72.4,4.35,57.0,28.5,0.3936464088397790055248618784530387
72.5,4.35,57.0,28.5,0.3931034482758620689655172413793103
72.6,4.35,57.0,28.5,0.3925619834710743801652892561983471
72.7,4.35,57.0,28.5,0.3920220082530949105914718019257221
72.8,4.35,57.0,28.5,0.3914835164835164835164835164835165
72.9,4.35,57.0,28.5,0.3909465020576131687242798353909465
73.0,4.35,57.0,28.5,0.3904109589041095890410958904109589
73.1,4.35,57.0,28.5,0.3898768809849521203830369357045144
73.2,4.35,57.0,28.5,0.3893442622950819672131147540983607
73.3,4.35,57.0,28.5,0.3888130968622100954979536152796726
73.4,4.35,57.0,28.5,0.3882833787465940054495912806539510
73.5,4.35,57.0,28.5,0.3877551020408163265306122448979592
73.6,4.35,57.0,28.5,0.3872282608695652173913043478260870
73.7,4.35,57.0,28.5,0.3867028493894165535956580732700136
73.8,4.35,57.0,28.5,0.3861788617886178861788617886178862
73.9,4.35,57.0,28.5,0.3856562922868741542625169147496617
74.0,4.35,57.0,28.5,0.3851351351351351351351351351351351
74.1,4.35,57.0,28.5,0.3846153846153846153846153846153846
74.2,4.35,57.0,28.5,0.3840970350404312668463611859838275
74.3,4.35,57.0,28.5,0.3835800807537012113055181695827725
74.4,4.35,57.0,28.5,0.3830645161290322580645161290322581
74.5,4.35,57.0,28.5,0.3825503355704697986577181208053691
74.6,4.35,57.0,28.5,0.3820375335120643431635388739946381
74.7,4.35,57.0,28.5,0.3815261044176706827309236947791165
74.8,4.35,57.0,28.5,0.3810160427807486631016042780748663
74.9,4.35,57.0,28.5,0.3805073431241655540720961281708945
75.0,4.35,57.0,28.5,0.38
75.1,4.35,57.0,28.5,0.3794940079893475366178428761651132
75.2,4.35,57.0,28.5,0.3789893617021276595744680851063830
75.3,4.35,57.0,28.5,0.3784860557768924302788844621513944
75.4,4.35,57.0,28.5,0.3779840848806366047745358090185676
75.5,4.35,57.0,28.5,0.3774834437086092715231788079470199
75.6,4.35,57.0,28.5,0.3769841269841269841269841269841270
75.7,4.35,57.0,28.5,0.3764861294583883751651254953764861
75.8,4.35,57.0,28.5,0.3759894459102902374670184696569921
75.9,4.35,57.0,28.5,0.3754940711462450592885375494071146
76.0,4.35,57.0,28.5,0.375
76.1,4.35,57.0,28.5,0.3745072273324572930354796320630749
76.2,4.35,57.0,28.5,0.3740157480314960629921259842519685
76.3,4.35,57.0,28.5,0.3735255570117955439056356487549148
76.4,4.35,57.0,28.5,0.3730366492146596858638743455497382
76.5,4.35,57.0,28.5,0.3725490196078431372549019607843137
76.6,4.35,57.0,28.5,0.3720626631853785900783289817232376
76.7,4.35,57.0,28.5,0.3715775749674054758800521512385919
76.8,4.35,57.0,28.5,0.37109375
76.9,4.35,57.0,28.5,0.3706111833550065019505851755526658
77.0,4.35,57.0,28.5,0.3701298701298701298701298701298701
77.1,4.35,57.0,28.5,0.3696498054474708171206225680933852
77.2,4.35,57.0,28.5,0.3691709844559585492227979274611399
77.3,4.35,57.0,28.5,0.3686934023285899094437257438551100
77.4,4.35,57.0,28.5,0.3682170542635658914728682170542636
77.5,4.35,57.0,28.5,0.3677419354838709677419354838709677
77.6,4.35,57.0,28.5,0.3672680412371134020618556701030928
77.7,4.35,57.0,28.5,0.3667953667953667953667953667953668
77.8,4.35,57.0,28.5,0.3663239074550128534704370179948586
77.9,4.35,57.0,28.5,0.3658536585365853658536585365853659
78.0,4.35,57.0,28.5,0.3653846153846153846153846153846154
78.1,4.35,57.0,28.5,0.3649167733674775928297055057618438
78.2,4.35,57.0,28.5,0.3644501278772378516624040920716113
78.3,4.35,57.1,28.55,0.3646232439335887611749680715197957
78.4,4.35,57.3,28.65,0.3654336734693877551020408163265306
78.5,4.35,57.5,28.75,0.3662420382165605095541401273885350
78.6,4.35,57.7,28.85,0.3670483460559796437659033078880407
78.7,4.35,57.9,28.95,0.3678526048284625158831003811944091
78.8,4.35,58.1,29.05,0.3686548223350253807106598984771574
78.9,4.35,58.3,29.15,0.3694550063371356147021546261089987
79.0,4.35,58.5,29.25,0.3702531645569620253164556962025316
79.1,4.35,58.7,29.35,0.3710493046776232616940581542351454
79.2,4.35,58.9,29.45,0.3718434343434343434343434343434343
79.3,4.35,59.1,29.55,0.3726355611601513240857503152585120
79.4,4.35,59.3,29.65,0.3734256926952141057934508816120907
79.5,4.35,59.5,29.75,0.3742138364779874213836477987421384
79.6,4.35,59.7,29.85,0.375
79.7,4.35,59.9,29.95,0.3757841907151819322459222082810540
79.8,4.35,60.1,30.05,0.3765664160401002506265664160401003
79.9,4.35,60.3,30.15,0.3773466833541927409261576971214018
80.0,4.35,60.5,30.25,0.378125
80.1,4.35,60.7,30.35,0.3789013732833957553058676654182272
80.2,4.35,60.9,30.45,0.3796758104738154613466334164588529
80.3,4.35,61.1,30.55,0.3804483188044831880448318804483188
80.4,4.35,61.3,30.65,0.3812189054726368159203980099502488
80.5,4.35,61.5,30.75,0.3819875776397515527950310559006211
80.6,4.35,61.7,30.85,0.3827543424317617866004962779156328
80.7,4.35,61.9,30.95,0.3835192069392812887236679058240397
80.8,4.35,62.1,31.05,0.3842821782178217821782178217821782
80.9,4.40,62.2,31.1,0.3844252163164400494437577255871446
81.0,4.50,62.2,31.1,0.3839506172839506172839506172839506
81.1,4.55,62.2,31.1,0.3834771886559802712700369913686806
81.2,4.55,62.2,31.1,0.3830049261083743842364532019704433
81.3,4.55,62.2,31.1,0.3825338253382533825338253382533825
81.4,4.55,62.2,31.1,0.3820638820638820638820638820638821
81.5,4.55,62.2,31.1,0.3815950920245398773006134969325153
81.6,4.55,62.2,31.1,0.3811274509803921568627450980392157
81.7,4.55,62.2,31.1,0.3806609547123623011015911872705018
81.8,4.55,62.2,31.1,0.3801955990220048899755501222493888
81.9,4.55,62.2,31.1,0.3797313797313797313797313797313797
82.0,4.55,62.2,31.1,0.3792682926829268292682926829268293
82.1,4.55,62.2,31.1,0.3788063337393422655298416565164434
82.2,4.55,62.2,31.1,0.3783454987834549878345498783454988
82.3,4.55,62.2,31.1,0.3778857837181044957472660996354800
82.4,4.55,62.2,31.1,0.3774271844660194174757281553398058
82.5,4.55,62.2,31.1,0.3769696969696969696969696969696970
82.6,4.55,62.2,31.1,0.3765133171912832929782082324455206
82.7,4.55,62.2,31.1,0.3760580411124546553808948004836759
82.8,4.55,62.2,31.1,0.3756038647342995169082125603864734
82.9,4.55,62.2,31.1,0.3751507840772014475271411338962606
83.0,4.55,62.2,31.1,0.3746987951807228915662650602409639
83.1,4.55,62.2,31.1,0.3742478941034897713598074608904934
83.2,4.55,62.2,31.1,0.3737980769230769230769230769230769
83.3,4.55,62.2,31.1,0.3733493397358943577430972388955582
83.4,4.55,62.2,31.1,0.3729016786570743405275779376498801
83.5,4.55,62.2,31.1,0.3724550898203592814371257485029940
83.6,4.55,62.2,31.1,0.3720095693779904306220095693779904
83.7,4.55,62.2,31.1,0.3715651135005973715651135005973716
83.8,4.55,62.2,31.1,0.3711217183770883054892601431980907
83.9,4.55,62.2,31.1,0.3706793802145411203814064362336114
84.0,4.55,62.2,31.1,0.3702380952380952380952380952380952
84.1,4.55,62.2,31.1,0.3697978596908442330558858501783591
84.2,4.55,62.2,31.1,0.3693586698337292161520190023752969
84.3,4.55,62.2,31.1,0.3689205219454329774614472123368921
84.4,4.55,62.2,31.1,0.3684834123222748815165876777251185
84.5,4.55,62.2,31.1,0.3680473372781065088757396449704142
84.6,4.55,62.2,31.1,0.3676122931442080378250591016548463
84.7,4.55,62.2,31.1,0.3671782762691853600944510035419126
84.8,4.55,62.2,31.1,0.3667452830188679245283018867924528
84.9,4.55,62.2,31.1,0.3663133097762073027090694935217903
85.0,4.55,62.2,31.1,0.3658823529411764705882352941176471
85.1,4.55,62.2,31.1,0.3654524089306698002350176263219741
85.2,4.55,62.2,31.1,0.3650234741784037558685446009389671
85.3,4.55,62.2,31.1,0.3645955451348182883939038686987104
85.4,4.55,62.2,31.1,0.3641686182669789227166276346604215
85.5,4.55,62.2,31.1,0.3637426900584795321637426900584795
85.6,4.55,62.2,31.1,0.3633177570093457943925233644859813
85.7,4.55,62.2,31.1,0.3628938156359393232205367561260210
85.8,4.55,62.2,31.1,0.3624708624708624708624708624708625
85.9,4.55,62.2,31.1,0.3620488940628637951105937136204889
86.0,4.55,62.2,31.1,0.3616279069767441860465116279069767
86.1,4.55,62.2,31.1,0.3612078977932636469221835075493612
86.2,4.55,62.2,31.1,0.3607888631090487238979118329466357
86.3,4.55,62.2,31.1,0.3603707995365005793742757821552723
86.4,4.55,62.2,31.1,0.3599537037037037037037037037037037
86.5,4.55,62.2,31.1,0.3595375722543352601156069364161850
86.6,4.55,62.2,31.1,0.3591224018475750577367205542725173
86.7,4.55,62.2,31.1,0.3587081891580161476355247981545559
86.8,4.55,62.2,31.1,0.3582949308755760368663594470046083
86.9,4.55,62.2,31.1,0.3578826237054085155350978135788262
87.0,4.55,62.2,31.1,0.3574712643678160919540229885057471
87.1,4.55,62.2,31.1,0.3570608495981630309988518943742824
87.2,4.55,62.2,31.1,0.3566513761467889908256880733944954
87.3,4.55,62.2,31.1,0.3562428407789232531500572737686140
87.4,4.55,62.2,31.1,0.3558352402745995423340961098398169
87.5,4.55,62.2,31.1,0.3554285714285714285714285714285714
87.6,4.55,62.2,31.1,0.3550228310502283105022831050228311
87.7,4.55,62.2,31.1,0.3546180159635119726339794754846066
87.8,4.55,62.2,31.1,0.3542141230068337129840546697038724
87.9,4.55,62.2,31.1,0.3538111490329920364050056882821388
88.0,4.55,62.2,31.1,0.3534090909090909090909090909090909
88.1,4.55,62.2,31.1,0.3530079455164585698070374574347333
88.2,4.55,62.2,31.1,0.3526077097505668934240362811791383
88.3,4.55,62.2,31.1,0.3522083805209513023782559456398641
88.4,4.55,62.2,31.1,0.3518099547511312217194570135746606
88.5,4.55,62.2,31.1,0.3514124293785310734463276836158192
88.6,4.55,62.2,31.1,0.3510158013544018058690744920993228
88.7,4.55,62.2,31.1,0.3506200676437429537767756482525366
88.8,4.55,62.2,31.1,0.3502252252252252252252252252252252
88.9,4.55,62.2,31.1,0.3498312710911136107986501687289089
89.0,4.55,62.2,31.1,0.3494382022471910112359550561797753
89.1,4.55,62.2,31.1,0.3490460157126823793490460157126824
89.2,4.55,62.2,31.1,0.3486547085201793721973094170403587
89.3,4.55,62.2,31.1,0.3482642777155655095184770436730123
89.4,4.55,62.2,31.1,0.3478747203579418344519015659955257
89.5,4.55,62.2,31.1,0.3474860335195530726256983240223464
89.6,4.55,62.2,31.1,0.3470982142857142857142857142857143
89.7,4.55,62.2,31.1,0.3467112597547380156075808249721293
89.8,4.55,62.2,31.1,0.3463251670378619153674832962138085
89.9,4.55,62.2,31.1,0.3459399332591768631813125695216908
90.0,4.55,62.2,31.1,0.3455555555555555555555555555555556
90.1,4.55,62.2,31.1,0.3451720310765815760266370699223085
90.2,4.55,62.2,31.1,0.3447893569844789356984478935698448
90.3,4.55,62.2,31.1,0.3444075304540420819490586932447398
90.4,4.55,62.2,31.1,0.3440265486725663716814159292035398
90.5,4.55,62.2,31.1,0.3436464088397790055248618784530387
90.6,4.55,62.2,31.1,0.3432671081677704194260485651214128
90.7,4.55,62.2,31.1,0.3428886438809261300992282249173098
90.8,4.55,62.2,31.1,0.3425110132158590308370044052863436
90.9,4.55,62.2,31.1,0.3421342134213421342134213421342134
91.0,4.55,62.2,31.1,0.3417582417582417582417582417582418
91.1,4.55,62.2,31.1,0.3413830954994511525795828759604830
91.2,4.55,62.2,31.1,0.3410087719298245614035087719298246
91.3,4.55,62.2,31.1,0.3406352683461117196056955093099671
91.4,4.55,62.2,31.1,0.3402625820568927789934354485776805
91.5,4.55,62.2,31.1,0.3398907103825136612021857923497268
91.6,4.55,62.2,31.1,0.3395196506550218340611353711790393
91.7,4.55,62.2,31.1,0.3391494002181025081788440567066521
91.8,4.55,62.2,31.1,0.3387799564270152505446623093681917
91.9,4.55,62.2,31.1,0.3384113166485310119695321001088139
92.0,4.55,62.2,31.1,0.3380434782608695652173913043478261
92.1,4.55,62.2,31.1,0.3376764386536373507057546145494028
92.2,4.55,62.2,31.1,0.3373101952277657266811279826464208
92.3,4.55,62.2,31.1,0.3369447453954496208017334777898158
92.4,4.55,62.2,31.1,0.3365800865800865800865800865800866
92.5,4.55,62.2,31.1,0.3362162162162162162162162162162162
92.6,4.55,62.2,31.1,0.3358531317494600431965442764578834
92.7,4.55,62.2,31.1,0.3354908306364617044228694714131607
92.8,4.55,62.2,31.1,0.3351293103448275862068965517241379
92.9,4.55,62.2,31.1,0.3347685683530678148546824542518837
93.0,4.55,62.2,31.1,0.3344086021505376344086021505376344
93.1,4.55,62.2,31.1,0.3340494092373791621911922663802363
93.2,4.55,62.2,31.1,0.3336909871244635193133047210300429
93.3,4.55,62.2,31.1,0.3333333333333333333333333333333333
93.4,4.55,62.2,31.1,0.3329764453961456102783725910064240
93.5,4.55,62.2,31.1,0.3326203208556149732620320855614973
93.6,4.55,62.2,31.1,0.3322649572649572649572649572649573
93.7,4.55,62.2,31.1,0.3319103521878335112059765208110993
93.8,4.55,62.2,31.1,0.3315565031982942430703624733475480
93.9,4.55,62.2,31.1,0.3312034078807241746538871139510117
94.0,4.55,62.2,31.1,0.3308510638297872340425531914893617
94.1,4.55,62.2,31.1,0.3304994686503719447396386822529224
94.2,4.55,62.2,31.1,0.3301486199575371549893842887473461
94.3,4.55,62.2,31.1,0.3297985153764581124072110286320255
94.4,4.55,62.2,31.1,0.3294491525423728813559322033898305
94.5,4.55,62.2,31.1,0.3291005291005291005291005291005291
94.6,4.55,62.2,31.1,0.3287526427061310782241014799154334
94.7,4.55,62.2,31.1,0.3284054910242872228088701161562830
94.8,4.55,62.2,31.1,0.3280590717299578059071729957805907
94.9,4.55,62.2,31.1,0.3277133825079030558482613277133825
95.0,4.55,62.2,31.1,0.3273684210526315789473684210526316
95.1,4.55,62.2,31.1,0.3270241850683491062039957939011567
95.2,4.55,62.2,31.1,0.3266806722689075630252100840336134
95.3,4.55,62.2,31.1,0.3263378803777544596012591815320042
95.4,4.55,62.2,31.1,0.3259958071278825995807127882599581
95.5,4.55,62.2,31.1,0.3256544502617801047120418848167539
95.6,4.55,62.2,31.1,0.3253138075313807531380753138075314
95.7,4.55,62.2,31.1,0.3249738766980146290491118077324974
95.8,4.55,62.2,31.1,0.3246346555323590814196242171189979
95.9,4.55,62.2,31.1,0.3242961418143899895724713242961418
96.0,4.55,62.2,31.1,0.3239583333333333333333333333333333
96.1,4.55,62.2,31.1,0.3236212278876170655567117585848075
96.2,4.55,62.2,31.1,0.3232848232848232848232848232848233
96.3,4.55,62.2,31.1,0.3229491173416407061266874350986501
96.4,4.55,62.2,31.1,0.3226141078838174273858921161825726
96.5,4.55,62.2,31.1,0.3222797927461139896373056994818653
96.6,4.55,62.2,31.1,0.3219461697722567287784679089026915
96.7,4.55,62.2,31.1,0.3216132368148914167528438469493278
96.8,4.55,62.2,31.1,0.3212809917355371900826446280991736
96.9,4.55,62.2,31.1,0.3209494324045407636738906088751290
97.0,4.55,62.2,31.1,0.3206185567010309278350515463917526
97.1,4.55,62.2,31.1,0.3202883625128733264675592173017508
97.2,4.55,62.2,31.1,0.3199588477366255144032921810699588
97.3,4.55,62.2,31.1,0.3196300102774922918807810894141829
97.4,4.55,62.2,31.1,0.3193018480492813141683778234086242
97.5,4.55,62.2,31.1,0.3189743589743589743589743589743590
97.6,4.55,62.2,31.1,0.3186475409836065573770491803278689
97.7,4.55,62.2,31.1,0.3183213920163766632548618219037871
97.8,4.55,62.2,31.1,0.3179959100204498977505112474437628
97.9,4.55,62.2,31.1,0.3176710929519918283963227783452503
98.0,4.55,62.2,31.1,0.3173469387755102040816326530612245
98.1,4.55,62.2,31.1,0.3170234454638124362895005096839959
98.2,4.55,62.2,31.1,0.3167006109979633401221995926680244
98.3,4.55,62.2,31.1,0.3163784333672431332655137334689725
98.4,4.55,62.2,31.1,0.3160569105691056910569105691056911
98.5,4.55,62.2,31.1,0.3157360406091370558375634517766497
98.6,4.55,62.2,31.1,0.3154158215010141987829614604462475
98.7,4.55,62.2,31.1,0.3150962512664640324214792299898683
98.8,4.55,62.3,31.15,0.3152834008097165991902834008097166
98.9,4.55,62.5,31.25,0.3159757330637007077856420626895854
99.0,4.55,62.7,31.35,0.3166666666666666666666666666666667
99.1,4.55,62.9,31.45,0.3173562058526740665993945509586276
99.2,4.55,63.1,31.55,0.3180443548387096774193548387096774
99.3,4.55,63.3,31.65,0.3187311178247734138972809667673716
99.4,4.55,63.5,31.75,0.3194164989939637826961770623742455
99.5,4.55,63.7,31.85,0.3201005025125628140703517587939698
99.6,4.55,63.9,31.95,0.3207831325301204819277108433734940
99.7,4.55,64.1,32.05,0.3214643931795386158475426278836510
99.8,4.55,64.3,32.15,0.3221442885771543086172344689378758
99.9,4.55,64.5,32.25,0.3228228228228228228228228228228228
100.0,4.55,64.7,32.35,0.3235
100.1,4.55,64.9,32.45,0.3241758241758241758241758241758242
100.2,4.55,65.1,32.55,0.3248502994011976047904191616766467
100.3,4.55,65.3,32.65,0.3255234297108673978065802592223330
100.4,4.55,65.5,32.75,0.3261952191235059760956175298804781
100.5,4.55,65.7,32.85,0.3268656716417910447761194029850746
100.6,4.55,65.9,32.95,0.3275347912524850894632206759443340
100.7,4.55,66.1,33.05,0.3282025819265143992055610724925521
100.8,4.55,66.3,33.15,0.3288690476190476190476190476190476
100.9,4.55,66.5,33.25,0.3295341922695738354806739345887017
101.0,4.55,66.7,33.35,0.3301980198019801980198019801980198
101.1,4.55,66.9,33.45,0.3308605341246290801186943620178042
101.2,4.55,67.1,33.55,0.3315217391304347826086956521739130
101.3,4.55,67.3,33.65,0.3321816386969397828232971372161895
101.4,4.55,67.5,33.75,0.3328402366863905325443786982248521
101.5,4.55,67.7,33.85,0.3334975369458128078817733990147783
101.6,4.55,67.9,33.95,0.3341535433070866141732283464566929
101.7,4.55,68.1,34.05,0.3348082595870206489675516224188791
101.8,4.55,68.3,34.15,0.3354616895874263261296660117878193
101.9,4.55,68.5,34.25,0.3361138370951913640824337585868499
102.0,4.55,68.7,34.35,0.3367647058823529411764705882352941
102.1,4.55,68.9,34.45,0.3374142997061704211557296767874633
102.2,4.55,69.1,34.55,0.3380626223091976516634050880626223
102.3,4.55,69.3,34.65,0.3387096774193548387096774193548387
102.4,4.55,69.5,34.75,0.33935546875
102.5,4.55,69.7,34.85,0.34
102.6,4.55,69.9,34.95,0.3406432748538011695906432748538012
102.7,4.55,70.1,35.05,0.3412852969814995131450827653359299
102.8,4.55,70.3,35.15,0.3419260700389105058365758754863813
102.9,4.55,70.5,35.25,0.3425655976676384839650145772594752
103.0,4.55,70.7,35.35,0.3432038834951456310679611650485437
103.1,4.55,70.9,35.45,0.3438409311348205625606207565470417
103.2,4.55,71.1,35.55,0.3444767441860465116279069767441860
103.3,4.55,71.3,35.65,0.3451113262342691190706679574056147
103.4,4.55,71.5,35.75,0.3457446808510638297872340425531915
103.5,4.55,71.7,35.85,0.3463768115942028985507246376811594
103.6,4.55,71.9,35.95,0.3470077220077220077220077220077220
103.7,4.55,72.1,36.05,0.3476374156219864995178399228543877
103.8,4.55,72.3,36.15,0.3482658959537572254335260115606936
103.9,4.55,72.5,36.25,0.3488931665062560153994225216554379
104.0,4.55,72.7,36.35,0.3495192307692307692307692307692308
104.1,4.55,72.9,36.45,0.3501440922190201729106628242074928
104.2,4.55,73.1,36.55,0.3507677543186180422264875239923225
104.3,4.55,73.3,36.65,0.3513902205177372962607861936720997
104.4,4.55,73.5,36.75,0.3520114942528735632183908045977011
104.5,4.55,73.7,36.85,0.3526315789473684210526315789473684
104.6,4.55,73.9,36.95,0.3532504780114722753346080305927342
104.7,4.55,74.1,37.05,0.3538681948424068767908309455587393
104.8,4.55,74.3,37.15,0.3544847328244274809160305343511450
104.9,4.55,74.5,37.25,0.3551000953288846520495710200190658
105.0,4.55,74.7,37.35,0.3557142857142857142857142857142857
105.1,4.55,74.9,37.45,0.3563273073263558515699333967649857
105.2,4.55,75.1,37.55,0.3569391634980988593155893536121673
105.3,4.55,75.3,37.65,0.3575498575498575498575498575498575
105.4,4.55,75.5,37.75,0.3581593927893738140417457305502846
105.5,4.55,75.7,37.85,0.3587677725118483412322274881516588
105.6,4.55,75.9,37.95,0.359375
105.7,4.55,76.1,38.05,0.3599810785241248817407757805108798
105.8,4.55,76.3,38.15,0.3605860113421550094517958412098299
105.9,4.55,76.5,38.25,0.3611898016997167138810198300283286
106.0,4.55,76.7,38.35,0.3617924528301886792452830188679245
106.1,4.60,76.8,38.4,0.3619227144203581526861451460885957
106.2,4.70,76.8,38.4,0.3615819209039548022598870056497175
106.3,4.80,76.8,38.4,0.3612417685794920037629350893697084
106.4,4.90,76.8,38.4,0.3609022556390977443609022556390977
106.5,5.00,76.8,38.4,0.3605633802816901408450704225352113
106.6,5.10,76.8,38.4,0.3602251407129455909943714821763602
106.7,5.20,76.8,38.4,0.3598875351452671040299906279287723
106.8,5.30,76.8,38.4,0.3595505617977528089887640449438202
106.9,5.40,76.8,38.4,0.3592142188961646398503274087932647
107.0,5.50,76.8,38.4,0.3588785046728971962616822429906542
107.1,5.60,76.8,38.4,0.3585434173669467787114845938375350
107.2,5.70,76.8,38.4,0.3582089552238805970149253731343284
107.3,5.80,76.8,38.4,0.3578751164958061509785647716682199
107.4,5.90,76.8,38.4,0.3575418994413407821229050279329609
107.5,5.95,76.8,38.4,0.3572093023255813953488372093023256
107.6,5.95,76.8,38.4,0.3568773234200743494423791821561338
107.7,5.95,76.8,38.4,0.3565459610027855153203342618384401
107.8,5.95,76.8,38.4,0.3562152133580705009276437847866419
107.9,5.95,76.8,38.4,0.3558850787766450417052826691380908
108.0,5.95,76.8,38.4,0.3555555555555555555555555555555556
108.1,5.95,76.8,38.4,0.3552266419981498612395929694727105
108.2,5.95,76.8,38.4,0.3548983364140480591497227356746765
108.3,5.95,76.8,38.4,0.3545706371191135734072022160664820
108.4,5.95,76.8,38.4,0.3542435424354243542435424354243542
108.5,5.95,76.8,38.4,0.3539170506912442396313364055299539
108.6,5.95,76.8,38.4,0.3535911602209944751381215469613260
108.7,5.95,76.8,38.4,0.3532658693652253909843606255749770
108.8,5.95,76.8,38.4,0.3529411764705882352941176470588235
108.9,5.95,76.8,38.4,0.3526170798898071625344352617079890
109.0,5.95,76.8,38.4,0.3522935779816513761467889908256881
109.1,5.95,76.8,38.4,0.3519706691109074243813015582034830
109.2,5.95,76.8,38.4,0.3516483516483516483516483516483516
109.3,5.95,76.8,38.4,0.3513266239707227813357731015553522
109.4,5.95,76.8,38.4,0.3510054844606946983546617915904936
109.5,5.95,76.8,38.4,0.3506849315068493150684931506849315
109.6,5.95,76.8,38.4,0.3503649635036496350364963503649635
109.7,5.95,76.8,38.4,0.3500455788514129443938012762078396
109.8,5.95,76.8,38.4,0.3497267759562841530054644808743169
109.9,5.95,76.8,38.4,0.3494085532302092811646951774340309
110.0,5.95,76.8,38.4,0.3490909090909090909090909090909091
110.1,5.95,76.8,38.4,0.3487738419618528610354223433242507
110.2,5.95,76.8,38.4,0.3484573502722323049001814882032668
110.3,5.95,76.8,38.4,0.3481414324569356300997280145058930
110.4,5.95,76.8,38.4,0.3478260869565217391304347826086957
110.5,5.95,76.8,38.4,0.3475113122171945701357466063348416
110.6,5.95,76.8,38.4,0.3471971066907775768535262206148282
110.7,5.95,76.8,38.4,0.3468834688346883468834688346883469
110.8,5.95,76.8,38.4,0.3465703971119133574007220216606498
110.9,5.95,76.8,38.4,0.3462578899909828674481514878268711
111.0,5.95,76.8,38.4,0.3459459459459459459459459459459459
111.1,5.95,76.8,38.4,0.3456345634563456345634563456345635
111.2,5.95,76.8,38.4,0.3453237410071942446043165467625899
111.3,5.95,76.8,38.4,0.3450134770889487870619946091644205
111.4,5.95,76.8,38.4,0.3447037701974865350089766606822262
111.5,5.95,76.8,38.4,0.3443946188340807174887892376681614
111.6,5.95,76.8,38.4,0.3440860215053763440860215053763441
111.7,5.95,76.8,38.4,0.3437779767233661593554162936436885
111.8,5.95,76.8,38.4,0.3434704830053667262969588550983900
111.9,5.95,76.8,38.4,0.3431635388739946380697050938337802
112.0,5.95,76.8,38.4,0.3428571428571428571428571428571429
112.1,5.95,76.8,38.4,0.3425512934879571810883140053523640
112.2,5.95,76.8,38.4,0.3422459893048128342245989304812834
112.3,5.95,76.8,38.4,0.3419412288512911843276936776491541
112.4,5.95,76.8,38.4,0.3416370106761565836298932384341637
112.5,5.95,76.8,38.4,0.3413333333333333333333333333333333
112.6,5.95,76.8,38.4,0.3410301953818827708703374777975133
112.7,5.95,76.8,38.4,0.3407275953859804791481810115350488
112.8,5.95,76.8,38.4,0.3404255319148936170212765957446809
112.9,5.95,76.8,38.4,0.3401240035429583702391496899911426
113.0,5.95,76.8,38.4,0.3398230088495575221238938053097345
113.1,5.95,76.8,38.4,0.3395225464190981432360742705570292
113.2,5.95,76.8,38.4,0.3392226148409893992932862190812721
113.3,5.95,76.8,38.4,0.3389232127096204766107678729037952
113.4,5.95,76.8,38.4,0.3386243386243386243386243386243386
113.5,5.95,76.8,38.4,0.3383259911894273127753303964757709
113.6,5.95,76.8,38.4,0.3380281690140845070422535211267606
113.7,5.95,76.8,38.4,0.3377308707124010554089709762532982
113.8,5.95,76.8,38.4,0.3374340949033391915641476274165202
113.9,5.95,76.8,38.4,0.3371378402107111501316944688323090
114.0,5.95,76.8,38.4,0.3368421052631578947368421052631579
114.1,5.95,76.8,38.4,0.3365468886941279579316389132340053
114.2,5.95,76.8,38.4,0.3362521891418563922942206654991243
114.3,5.95,76.8,38.4,0.3359580052493438320209973753280840
114.4,5.95,76.8,38.4,0.3356643356643356643356643356643357
114.5,5.95,76.8,38.4,0.3353711790393013100436681222707424
114.6,5.95,76.8,38.4,0.3350785340314136125654450261780105
114.7,5.95,76.8,38.4,0.3347863993025283347863993025283348
114.8,5.95,76.8,38.4,0.3344947735191637630662020905923345
114.9,5.95,76.8,38.4,0.3342036553524804177545691906005222
115.0,5.95,76.8,38.4,0.3339130434782608695652173913043478
115.1,5.95,76.8,38.4,0.3336229365768896611642050390964379
115.2,5.95,76.8,38.4,0.3333333333333333333333333333333333
115.3,5.95,76.8,38.4,0.3330442324371205550737207285342585
115.4,5.95,76.8,38.4,0.3327556325823223570190641247833622
115.5,5.95,76.8,38.4,0.3324675324675324675324675324675325
115.6,5.95,76.8,38.4,0.3321799307958477508650519031141869
115.7,5.95,76.8,38.4,0.3318928262748487467588591184096802
115.8,5.95,76.8,38.4,0.3316062176165803108808290155440415
115.9,5.95,76.8,38.4,0.3313201035375323554788610871440897
116.0,5.95,76.8,38.4,0.3310344827586206896551724137931034
116.1,5.95,76.8,38.4,0.3307493540051679586563307493540052
116.2,5.95,76.8,38.4,0.3304647160068846815834767641996558
116.3,5.95,76.8,38.4,0.3301805674978503869303525365434222
116.4,5.95,76.8,38.4,0.3298969072164948453608247422680412
116.5,5.95,76.8,38.4,0.3296137339055793991416309012875536
116.6,5.95,76.8,38.4,0.3293310463121783876500857632933105
116.7,5.95,76.8,38.4,0.3290488431876606683804627249357326
116.8,5.95,76.8,38.4,0.3287671232876712328767123287671233
116.9,5.95,76.8,38.4,0.3284858853721129170230966638152267
117.0,5.95,76.8,38.4,0.3282051282051282051282051282051282
117.1,5.95,76.8,38.4,0.3279248505550811272416737830913749
117.2,5.95,76.8,38.4,0.3276450511945392491467576791808874
117.3,5.95,76.8,38.4,0.3273657289002557544757033248081841
117.4,5.95,76.8,38.4,0.3270868824531516183986371379897785
117.5,5.95,76.8,38.4,0.3268085106382978723404255319148936
117.6,5.95,76.8,38.4,0.3265306122448979591836734693877551
117.7,5.95,76.8,38.4,0.3262531860662701784197111299915038
117.8,5.95,76.8,38.4,0.3259762308998302207130730050933786
117.9,5.95,76.8,38.4,0.3256997455470737913486005089058524
118.0,5.95,76.8,38.4,0.3254237288135593220338983050847458
118.1,5.95,76.8,38.4,0.3251481795088907705334462320067739
118.2,5.95,76.8,38.4,0.3248730964467005076142131979695431
118.3,5.95,76.8,38.4,0.3245984784446322907861369399830938
118.4,5.95,76.8,38.4,0.3243243243243243243243243243243243
118.5,5.95,76.8,38.4,0.3240506329113924050632911392405063
118.6,5.95,76.8,38.4,0.3237774030354131534569983136593592
118.7,5.95,76.8,38.4,0.3235046335299073294018534119629318
118.8,5.95,76.8,38.4,0.3232323232323232323232323232323232
118.9,5.95,76.8,38.4,0.3229604709840201850294365012615643
119.0,5.95,76.8,38.4,0.3226890756302521008403361344537815
119.1,5.95,76.8,38.4,0.3224181360201511335012594458438287
119.2,5.95,76.8,38.4,0.3221476510067114093959731543624161
119.3,5.95,76.8,38.4,0.3218776194467728415758591785414920
119.4,5.95,76.8,38.4,0.3216080402010050251256281407035176
119.5,5.95,76.8,38.4,0.3213389121338912133891213389121339
119.6,5.95,76.8,38.4,0.3210702341137123745819397993311037
119.7,5.95,76.8,38.4,0.3208020050125313283208020050125313
119.8,5.95,76.8,38.4,0.3205342237061769616026711185308848
119.9,5.95,76.8,38.4,0.3202668890742285237698081734778982
120.0,5.95,76.8,38.4,0.32
120.1,5.95,76.8,38.4,0.3197335553705245628642797668609492
120.2,5.95,76.8,38.4,0.3194675540765391014975041597337770
120.3,5.95,76.9,38.45,0.3196176226101413133832086450540316
120.4,5.95,77.1,38.55,0.3201827242524916943521594684385382
120.5,5.95,77.3,38.65,0.3207468879668049792531120331950207
120.6,5.95,77.5,38.75,0.3213101160862354892205638474295191
120.7,5.95,77.7,38.85,0.3218724109362054681027340513670257
120.8,5.95,77.9,38.95,0.3224337748344370860927152317880795
120.9,5.95,78.1,39.05,0.3229942100909842845326716294458230
121.0,5.95,78.3,39.15,0.3235537190082644628099173553719008
121.1,5.95,78.5,39.25,0.3241123038810900082576383154417836
121.2,5.95,78.7,39.35,0.3246699669966996699669966996699670
121.3,5.95,78.9,39.45,0.3252267106347897774113767518549052
121.4,5.95,79.1,39.55,0.3257825370675453047775947281713344
121.5,5.95,79.3,39.65,0.3263374485596707818930041152263374
121.6,5.95,79.5,39.75,0.3268914473684210526315789473684211
121.7,5.95,79.7,39.85,0.3274445357436318816762530813475760
121.8,5.95,79.9,39.95,0.3279967159277504105090311986863711
121.9,5.95,80.1,40.05,0.3285479901558654634946677604593929
122.0,5.95,80.3,40.15,0.3290983606557377049180327868852459
122.1,5.95,80.5,40.25,0.3296478296478296478296478296478296
122.2,5.95,80.7,40.35,0.3301963993453355155482815057283142
122.3,5.95,80.9,40.45,0.3307440719542109566639411283728536
122.4,5.95,81.1,40.55,0.3312908496732026143790849673202614
122.5,5.95,81.3,40.65,0.3318367346938775510204081632653061
122.6,5.95,81.5,40.75,0.3323817292006525285481239804241436
122.7,5.95,81.7,40.85,0.3329258353708231458842705786471068
122.8,5.95,81.9,40.95,0.3334690553745928338762214983713355
122.9,5.95,82.1,41.05,0.3340113913751017087062652563059398
123.0,5.95,82.3,41.15,0.3345528455284552845528455284552846
123.1,5.95,82.5,41.25,0.3350934199837530463038180341186028
123.2,5.95,82.7,41.35,0.3356331168831168831168831168831169
123.3,5.95,82.9,41.45,0.3361719383617193836171938361719384
123.4,5.95,83.1,41.55,0.3367098865478119935170178282009724
123.5,5.95,83.3,41.65,0.3372469635627530364372469635627530
123.6,5.95,83.5,41.75,0.3377831715210355987055016181229773
123.7,5.95,83.7,41.85,0.3383185125303152789005658852061439
123.8,5.95,83.9,41.95,0.3388529886914378029079159935379645
123.9,5.95,84.1,42.05,0.3393866020984665052461662631154157
124.0,5.95,84.3,42.15,0.3399193548387096774193548387096774
124.1,5.95,84.5,42.25,0.3404512489927477840451248992747784
124.2,5.95,84.7,42.35,0.3409822866344605475040257648953301
124.3,5.95,84.9,42.45,0.3415124698310539018503620273531778
124.4,5.95,85.1,42.55,0.3420418006430868167202572347266881
124.5,5.95,85.3,42.65,0.3425702811244979919678714859437751
124.6,5.95,85.5,42.75,0.3430979133226324237560192616372392
124.7,5.95,85.7,42.85,0.3436246992782678428227746591820369
124.8,5.95,85.9,42.95,0.3441506410256410256410256410256410
124.9,5.95,86.1,43.05,0.3446757405924739791833466773418735
125.0,5.95,86.3,43.15,0.3452
125.1,5.95,86.5,43.25,0.3457234212629896083133493205435651
125.2,5.95,86.7,43.35,0.3462460063897763578274760383386581
125.3,5.95,86.9,43.45,0.3467677573822825219473264166001596
125.4,5.95,87.1,43.55,0.3472886762360446570972886762360447
125.5,5.95,87.3,43.65,0.3478087649402390438247011952191235
125.6,5.95,87.5,43.75,0.3483280254777070063694267515923567
125.7,5.95,87.7,43.85,0.3488464598249801113762927605409706
125.8,5.95,87.9,43.95,0.3493640699523052464228934817170111
125.9,5.95,88.1,44.05,0.3498808578236695790309769658459095
126.0,5.95,88.3,44.15,0.3503968253968253968253968253968254
126.1,5.95,88.5,44.25,0.3509119746233148295003965107057891
126.2,5.95,88.7,44.35,0.3514263074484944532488114104595880
126.3,5.95,88.9,44.45,0.3519398258115597783056215360253365
126.4,5.95,89.1,44.55,0.3524525316455696202531645569620253
126.5,5.95,89.3,44.65,0.3529644268774703557312252964426877
126.6,5.95,89.5,44.75,0.3534755134281200631911532385466035
126.7,5.95,89.7,44.85,0.3539857932123125493291239147592739
126.8,5.95,89.9,44.95,0.3544952681388012618296529968454259
126.9,5.95,90.1,45.05,0.3550039401103230890464933018124507
127.0,6.00,90.2,45.1,0.3551181102362204724409448818897638
127.1,6.10,90.2,45.1,0.3548387096774193548387096774193548
127.2,6.20,90.2,45.1,0.3545597484276729559748427672955975
127.3,6.30,90.2,45.1,0.3542812254516889238020424194815397
127.4,6.40,90.2,45.1,0.3540031397174254317111459968602826
127.5,6.50,90.2,45.1,0.3537254901960784313725490196078431
127.6,6.60,90.2,45.1,0.3534482758620689655172413793103448
127.7,6.70,90.2,45.1,0.3531714956930305403288958496476116
127.8,6.80,90.2,45.1,0.3528951486697965571205007824726135
127.9,6.90,90.2,45.1,0.3526192337763878029710711493354183
128.0,7.00,90.2,45.1,0.35234375
128.1,7.10,90.2,45.1,0.3520686963309914129586260733801717
128.2,7.20,90.2,45.1,0.3517940717628705148205928237129485
128.3,7.30,90.2,45.1,0.3515198752922837100545596258768511
128.4,7.40,90.2,45.1,0.3512461059190031152647975077881620
128.5,7.50,90.2,45.1,0.3509727626459143968871595330739300
128.6,7.60,90.2,45.1,0.3506998444790046656298600311041991
128.7,7.70,90.2,45.1,0.3504273504273504273504273504273504
128.8,7.80,90.2,45.1,0.3501552795031055900621118012422360
128.9,7.90,90.2,45.1,0.3498836307214895267649340574088441
129.0,8.00,90.2,45.1,0.3496124031007751937984496124031008
129.1,8.10,90.2,45.1,0.3493415956622773044151820294345469
129.2,8.20,90.2,45.1,0.3490712074303405572755417956656347
129.3,8.30,90.2,45.1,0.3488012374323279195668986852281516
129.4,8.40,90.2,45.1,0.3485316846986089644513137557959815
129.5,8.50,90.2,45.1,0.3482625482625482625482625482625483
129.6,8.55,90.2,45.1,0.3479938271604938271604938271604938
129.7,8.55,90.2,45.1,0.3477255204317656129529683885890517
129.8,8.55,90.2,45.1,0.3474576271186440677966101694915254
129.9,8.55,90.2,45.1,0.3471901462663587374903772132409546
130.0,8.55,90.2,45.1,0.3469230769230769230769230769230769
130.1,8.55,90.2,45.1,0.3466564181398923904688700999231360
130.2,8.55,90.2,45.1,0.3463901689708141321044546850998464
130.3,8.55,90.2,45.1,0.3461243284727551803530314658480430
130.4,8.55,90.2,45.1,0.3458588957055214723926380368098160
130.5,8.55,90.2,45.1,0.3455938697318007662835249042145594
130.6,8.55,90.2,45.1,0.3453292496171516079632465543644717
130.7,8.55,90.2,45.1,0.3450650344299923488905891354246366
130.8,8.55,90.2,45.1,0.3448012232415902140672782874617737
130.9,8.55,90.2,45.1,0.3445378151260504201680672268907563
131.0,8.55,90.2,45.1,0.3442748091603053435114503816793893
131.1,8.55,90.2,45.1,0.3440122044241037376048817696414950
131.2,8.55,90.2,45.1,0.34375
131.3,8.55,90.2,45.1,0.3434881949733434881949733434881950
131.4,8.55,90.2,45.1,0.3432267884322678843226788432267884
131.5,8.55,90.2,45.1,0.3429657794676806083650190114068441
131.6,8.55,90.2,45.1,0.3427051671732522796352583586626140
131.7,8.55,90.2,45.1,0.3424449506454062262718299164768413
131.8,8.55,90.2,45.1,0.3421851289833080424886191198786039
131.9,8.55,90.2,45.1,0.3419257012888551933282789992418499
132.0,8.55,90.2,45.1,0.3416666666666666666666666666666667
132.1,8.55,90.2,45.1,0.3414080242240726722180166540499621
132.2,8.55,90.2,45.1,0.3411497730711043872919818456883510
132.3,8.55,90.2,45.1,0.3408919123204837490551776266061980
132.4,8.55,90.2,45.1,0.3406344410876132930513595166163142
132.5,8.55,90.2,45.1,0.3403773584905660377358490566037736
132.6,8.55,90.2,45.1,0.3401206636500754147812971342383107
132.7,8.55,90.2,45.1,0.3398643556895252449133383571966843
132.8,8.55,90.2,45.1,0.3396084337349397590361445783132530
132.9,8.55,90.2,45.1,0.3393528969149736644093303235515425
133.0,8.55,90.2,45.1,0.3390977443609022556390977443609023
133.1,8.55,90.2,45.1,0.3388429752066115702479338842975207
133.2,8.55,90.2,45.1,0.3385885885885885885885885885885886
133.3,8.55,90.2,45.1,0.3383345836459114778694673668417104
133.4,8.55,90.2,45.1,0.3380809595202398800599700149925037
133.5,8.55,90.2,45.1,0.3378277153558052434456928838951311
133.6,8.55,90.2,45.1,0.3375748502994011976047904191616766
133.7,8.55,90.2,45.1,0.3373223635003739715781600598354525
133.8,8.55,90.2,45.1,0.3370702541106128550074738415545590
133.9,8.55,90.2,45.1,0.3368185212845407020164301717699776
134.0,8.55,90.2,45.1,0.3365671641791044776119402985074627
134.1,8.55,90.2,45.1,0.3363161819537658463832960477255779
134.2,8.55,90.2,45.1,0.3360655737704918032786885245901639
134.3,8.55,90.2,45.1,0.3358153387937453462397617274758004
134.4,8.55,90.2,45.1,0.3355654761904761904761904761904762
134.5,8.55,90.2,45.1,0.3353159851301115241635687732342007
134.6,8.55,90.2,45.1,0.3350668647845468053491827637444279
134.7,8.55,90.2,45.1,0.3348181143281365998515219005196733
134.8,8.55,90.2,45.1,0.3345697329376854599406528189910979
134.9,8.55,90.2,45.1,0.3343217197924388435878428465530022
135.0,8.55,90.2,45.1,0.3340740740740740740740740740740741
135.1,8.55,90.2,45.1,0.3338267949666913397483345669874167
135.2,8.55,90.2,45.1,0.3335798816568047337278106508875740
135.3,8.55,90.2,45.1,0.3333333333333333333333333333333333
135.4,8.55,90.2,45.1,0.3330871491875923190546528803545052
135.5,8.55,90.2,45.1,0.3328413284132841328413284132841328
135.6,8.55,90.2,45.1,0.3325958702064896755162241887905605
135.7,8.55,90.2,45.1,0.3323507737656595431098010316875461
135.8,8.55,90.2,45.1,0.3321060382916053019145802650957290
135.9,8.55,90.2,45.1,0.3318616629874908020603384841795438
136.0,8.55,90.2,45.1,0.3316176470588235294117647058823529
136.1,8.55,90.2,45.1,0.3313739897134459955914768552534901
136.2,8.55,90.2,45.1,0.3311306901615271659324522760646109
136.3,8.55,90.2,45.1,0.3308877476155539251650770359501101
136.4,8.55,90.2,45.1,0.3306451612903225806451612903225806
136.5,8.55,90.2,45.1,0.3304029304029304029304029304029304
136.6,8.55,90.2,45.1,0.3301610541727672035139092240117130
136.7,8.55,90.2,45.1,0.3299195318215069495245062179956108
136.8,8.55,90.2,45.1,0.3296783625730994152046783625730994
136.9,8.55,90.2,45.1,0.3294375456537618699780861943024105
137.0,8.55,90.2,45.1,0.3291970802919708029197080291970803
137.1,8.55,90.2,45.1,0.3289569657184536834427425237053246
137.2,8.55,90.2,45.1,0.3287172011661807580174927113702624
137.3,8.55,90.2,45.1,0.3284777858703568827385287691187181
137.4,8.55,90.2,45.1,0.3282387190684133915574963609898108
137.5,8.55,90.2,45.1,0.328
137.6,8.55,90.2,45.1,0.3277616279069767441860465116279070
137.7,8.55,90.2,45.1,0.3275236020334059549745824255628177
137.8,8.55,90.2,45.1,0.3272859216255442670537010159651669
137.9,8.55,90.2,45.1,0.3270485859318346627991298042059463
138.0,8.55,90.2,45.1,0.3268115942028985507246376811594203
138.1,8.55,90.2,45.1,0.3265749456915278783490224475018103
138.2,8.55,90.2,45.1,0.3263386396526772793053545586107091
138.3,8.55,90.2,45.1,0.3261026753434562545191612436731743
138.4,8.55,90.2,45.1,0.3258670520231213872832369942196532
138.5,8.55,90.2,45.1,0.3256317689530685920577617328519856
138.6,8.55,90.2,45.1,0.3253968253968253968253968253968254
138.7,8.55,90.2,45.1,0.3251622206200432588320115356885364
138.8,8.55,90.2,45.1,0.3249279538904899135446685878962536
138.9,8.55,90.2,45.1,0.3246940244780417566594672426205904
139.0,8.55,90.2,45.1,0.3244604316546762589928057553956835
139.1,8.55,90.2,45.1,0.3242271746944644140905823148813803
139.2,8.55,90.2,45.1,0.3239942528735632183908045977011494
139.3,8.55,90.2,45.1,0.3237616654702081837760229720028715
139.4,8.55,90.2,45.1,0.3235294117647058823529411764705882
139.5,8.55,90.2,45.1,0.3232974910394265232974910394265233
139.6,8.55,90.2,45.1,0.3230659025787965616045845272206304
139.7,8.55,90.2,45.1,0.3228346456692913385826771653543307
139.8,8.55,90.2,45.1,0.3226037195994277539341917024320458
139.9,8.55,90.2,45.1,0.3223731236597569692637598284488921
140.0,8.55,90.2,45.1,0.3221428571428571428571428571428571
140.1,8.55,90.2,45.1,0.3219129193433261955745895788722341
140.2,8.55,90.2,45.1,0.3216833095577746077032810271041369
140.3,8.55,90.2,45.1,0.3214540270848182466143977191732003
140.4,8.55,90.2,45.1,0.3212250712250712250712250712250712
140.5,8.55,90.2,45.1,0.3209964412811387900355871886120996
140.6,8.55,90.2,45.1,0.3207681365576102418207681365576102
140.7,8.55,90.2,45.1,0.3205401563610518834399431414356787
140.8,8.55,90.2,45.1,0.3203125
140.9,8.55,90.2,45.1,0.3200851667849538679914833215046132
141.0,8.55,90.2,45.1,0.3198581560283687943262411347517730
141.1,8.55,90.2,45.1,0.3196314670446491849751948972360028
141.2,8.55,90.2,45.1,0.3194050991501416430594900849858357
141.3,8.55,90.2,45.1,0.3191790516631280962491153573956122
141.4,8.55,90.2,45.1,0.3189533239038189533239038189533239
141.5,8.55,90.2,45.1,0.3187279151943462897526501766784452
141.6,8.55,90.2,45.1,0.3185028248587570621468926553672316
141.7,8.55,90.2,45.1,0.3182780522230063514467184191954834
141.8,8.55,90.2,45.1,0.3180535966149506346967559943582511
141.9,8.55,90.2,45.1,0.3178294573643410852713178294573643
142.0,8.55,90.2,45.1,0.3176056338028169014084507042253521
142.1,8.55,90.2,45.1,0.3173821252638986629134412385643913
142.2,8.55,90.2,45.1,0.3171589310829817158931082981715893
142.3,8.55,90.2,45.1,0.3169360505973295853829936753338018
142.4,8.55,90.2,45.1,0.3167134831460674157303370786516854
142.5,8.55,90.2,45.1,0.3164912280701754385964912280701754
142.6,8.55,90.2,45.1,0.3162692847124824684431977559607293
142.7,8.55,90.2,45.1,0.3160476524176594253679046951646811
142.8,8.55,90.2,45.1,0.3158263305322128851540616246498599
142.9,8.55,90.2,45.1,0.3156053184044786564030790762771169
143.0,8.55,90.2,45.1,0.3153846153846153846153846153846154
143.1,8.55,90.2,45.1,0.3151642208245981830887491264849755
143.2,8.55,90.2,45.1,0.3149441340782122905027932960893855
143.3,8.55,90.2,45.1,0.3147243545010467550593161200279135
143.4,8.55,90.2,45.1,0.3145048814504881450488145048814505
143.5,8.55,90.2,45.1,0.3142857142857142857142857142857143
143.6,8.55,90.2,45.1,0.3140668523676880222841225626740947
143.7,8.55,90.2,45.1,0.3138482950591510090466249130132220
143.8,8.55,90.2,45.1,0.3136300417246175243393602225312935
143.9,8.55,90.2,45.1,0.3134120917303683113273106323835997
144.0,8.55,90.2,45.1,0.3131944444444444444444444444444444
144.1,8.55,90.2,45.1,0.3129770992366412213740458015267176
144.2,8.55,90.2,45.1,0.3127600554785020804438280166435506
144.3,8.55,90.2,45.1,0.3125433125433125433125433125433125
144.4,8.55,90.2,45.1,0.3123268698060941828254847645429363
144.5,8.55,90.2,45.1,0.3121107266435986159169550173010381
144.6,8.55,90.2,45.1,0.3118948824343015214384508990318119
144.7,8.55,90.2,45.1,0.3116793365583966827919834139599171
144.8,8.55,90.2,45.1,0.3114640883977900552486187845303867
144.9,8.55,90.2,45.1,0.3112491373360938578329882677708765
145.0,8.55,90.2,45.1,0.3110344827586206896551724137931034
145.1,8.55,90.2,45.1,0.3108201240523776705720192970365265
145.2,8.55,90.2,45.1,0.3106060606060606060606060606060606
145.3,8.55,90.2,45.1,0.3103922918100481761871988988300069
145.4,8.55,90.2,45.1,0.3101788170563961485557083906464924
145.5,8.55,90.2,45.1,0.3099656357388316151202749140893471
145.6,8.55,90.2,45.1,0.3097527472527472527472527472527473
145.7,8.55,90.2,45.1,0.3095401509951956074124914207275223
145.8,8.55,90.2,45.1,0.3093278463648834019204389574759945
145.9,8.55,90.2,45.1,0.3091158327621658670322138450993831
146.0,8.55,90.2,45.1,0.3089041095890410958904109589041096
146.1,8.55,90.2,45.1,0.3086926762491444216290212183436003
146.2,8.55,90.2,45.1,0.3084815321477428180574555403556772
146.3,8.55,90.2,45.1,0.3082706766917293233082706766917293
146.4,8.55,90.2,45.1,0.3080601092896174863387978142076503
146.5,8.55,90.2,45.1,0.3078498293515358361774744027303754
146.6,8.55,90.2,45.1,0.3076398362892223738062755798090041
146.7,8.55,90.2,45.1,0.3074301295160190865712338104976142
146.8,8.55,90.2,45.1,0.3072207084468664850136239782016349
146.9,8.55,90.2,45.1,0.3070115724982981620149761742682097
147.0,8.55,90.2,45.1,0.3068027210884353741496598639455782
147.1,8.55,90.2,45.1,0.3065941536369816451393609789259007
147.2,8.55,90.2,45.1,0.3063858695652173913043478260869565
147.3,8.55,90.2,45.1,0.3061778682959945689069925322471147
147.4,8.55,90.2,45.1,0.3059701492537313432835820895522388
147.5,8.55,90.2,45.1,0.3057627118644067796610169491525424
147.6,8.55,90.2,45.1,0.3055555555555555555555555555555556
147.7,8.55,90.3,45.15,0.3056872037914691943127962085308057
147.8,8.55,90.5,45.25,0.3061569688768606224627875507442490
147.9,8.55,90.7,45.35,0.3066260987153482082488167680865450
148.0,8.55,90.9,45.45,0.3070945945945945945945945945945946
148.1,8.55,91.1,45.55,0.3075624577987846049966239027683997
148.2,8.55,91.3,45.65,0.3080296896086369770580296896086370
148.3,8.55,91.5,45.75,0.3084962913014160485502360080917060
148.4,8.55,91.7,45.85,0.3089622641509433962264150943396226
148.5,8.55,91.9,45.95,0.3094276094276094276094276094276094
148.6,8.55,92.1,46.05,0.3098923283983849259757738896366083
148.7,8.55,92.3,46.15,0.3103564223268325487558843308675185
148.8,8.55,92.5,46.25,0.3108198924731182795698924731182796
148.9,8.55,92.7,46.35,0.3112827400940228341168569509738079
149.0,8.55,92.9,46.45,0.3117449664429530201342281879194631
149.1,8.55,93.1,46.55,0.3122065727699530516431924882629108
149.2,8.55,93.3,46.65,0.3126675603217158176943699731903485
149.3,8.55,93.5,46.75,0.3131279303415941058271935699933021
149.4,8.55,93.7,46.85,0.3135876840696117804551539491298527
149.5,8.55,93.9,46.95,0.3140468227424749163879598662207358
149.6,8.55,94.1,47.05,0.3145053475935828877005347593582888
149.7,8.55,94.3,47.15,0.3149632598530394121576486305945224
149.8,8.55,94.5,47.25,0.3154205607476635514018691588785047
149.9,8.55,94.7,47.35,0.3158772515010006671114076050700467
150.0,8.55,94.9,47.45,0.3163333333333333333333333333333333
150.1,8.55,95.1,47.55,0.3167888074616922051965356429047302
150.2,8.55,95.3,47.65,0.3172436750998668442077230359520639
150.3,8.55,95.5,47.75,0.3176979374584165003326679973386560
150.4,8.55,95.7,47.85,0.3181515957446808510638297872340426
150.5,8.55,95.9,47.95,0.3186046511627906976744186046511628
150.6,8.55,96.1,48.05,0.3190571049136786188579017264276228
150.7,8.55,96.3,48.15,0.3195089581950895819508958195089582
150.8,8.55,96.5,48.25,0.3199602122015915119363395225464191
150.9,8.55,96.7,48.35,0.3204108681245858184227965540092777
151.0,8.55,96.9,48.45,0.3208609271523178807947019867549669
151.1,8.55,97.1,48.55,0.3213103904698874917273328921244209
151.2,8.55,97.3,48.65,0.3217592592592592592592592592592593
151.3,8.55,97.5,48.75,0.3222075346992729676140118968935889
151.4,8.55,97.7,48.85,0.3226552179656538969616908850726552
151.5,8.55,97.9,48.95,0.3231023102310231023102310231023102
151.6,8.55,98.1,49.05,0.3235488126649076517150395778364116
151.7,8.55,98.3,49.15,0.3239947264337508239947264337508240
151.8,8.55,98.5,49.25,0.3244400527009222661396574440052701
151.9,8.55,98.7,49.35,0.3248847926267281105990783410138249
152.0,8.55,98.9,49.45,0.3253289473684210526315789473684211
152.1,8.55,99.1,49.55,0.3257725180802103879026955950032873
152.2,8.55,99.3,49.65,0.3262155059132720105124835742444152
152.3,8.55,99.5,49.75,0.3266579120157583716349310571240972
152.4,8.55,99.7,49.85,0.3270997375328083989501312335958005
152.5,8.55,99.9,49.95,0.3275409836065573770491803278688525
152.6,8.55,100.1,50.05,0.3279816513761467889908256880733945
152.7,8.55,100.3,50.15,0.3284217419777341191879502292075966
152.8,8.55,100.5,50.25,0.3288612565445026178010471204188482
152.9,8.55,100.7,50.35,0.3293001962066710268149117069980379
153.0,8.55,100.9,50.45,0.3297385620915032679738562091503268
153.1,8.55,101.1,50.55,0.3301763553233180927498367080339647
153.2,8.55,101.3,50.65,0.3306135770234986945169712793733681
153.3,8.55,101.5,50.75,0.3310502283105022831050228310502283
153.4,8.55,101.7,50.85,0.3314863102998696219035202086049544
153.5,8.55,101.9,50.95,0.3319218241042345276872964169381107
153.6,8.55,102.1,51.05,0.3323567708333333333333333333333333
153.7,8.55,102.3,51.15,0.3327911515940143135979180221210150
153.8,8.55,102.5,51.25,0.3332249674902470741222366710013004
153.9,8.55,102.7,51.35,0.3336582196231319038336582196231319
154.0,8.55,102.9,51.45,0.3340909090909090909090909090909091
154.1,8.55,103.1,51.55,0.3345230369889682024659312134977287
154.2,8.55,103.3,51.65,0.3349546044098573281452658884565499
154.3,8.55,103.5,51.75,0.3353856124432922877511341542449773
154.4,8.55,103.7,51.85,0.3358160621761658031088082901554404
154.5,8.55,103.9,51.95,0.3362459546925566343042071197411003
154.6,8.60,104.0,52.0,0.3363518758085381630012936610608021
154.7,8.70,104.0,52.0,0.3361344537815126050420168067226891
154.8,8.75,104.0,52.0,0.3359173126614987080103359173126615
154.9,8.75,104.0,52.0,0.3357004519044544867656552614590058
155.0,8.75,104.0,52.0,0.3354838709677419354838709677419355
155.1,8.75,104.0,52.0,0.3352675693101225016118633139909736
155.2,8.75,104.0,52.0,0.3350515463917525773195876288659794
155.3,8.75,104.0,52.0,0.3348358016741790083708950418544752
155.4,8.75,104.0,52.0,0.3346203346203346203346203346203346
155.5,8.75,104.0,52.0,0.3344051446945337620578778135048232
155.6,8.75,104.0,52.0,0.3341902313624678663239074550128535
155.7,8.75,104.0,52.0,0.3339755940912010276172125883108542
155.8,8.75,104.0,52.0,0.3337612323491655969191270860077022
155.9,8.75,104.0,52.0,0.3335471456061577934573444515715202
156.0,8.75,104.0,52.0,0.3333333333333333333333333333333333
156.1,8.75,104.0,52.0,0.3331197950032030749519538757206919
156.2,8.75,104.0,52.0,0.3329065300896286811779769526248399
156.3,8.75,104.0,52.0,0.3326935380678182981445937300063980
156.4,8.75,104.0,52.0,0.3324808184143222506393861892583120
156.5,8.75,104.0,52.0,0.3322683706070287539936102236421725
156.6,8.75,104.0,52.0,0.3320561941251596424010217113665390
156.7,8.75,104.0,52.0,0.3318442884492661135928525845564773
156.8,8.75,104.0,52.0,0.3316326530612244897959183673469388
156.9,8.75,104.0,52.0,0.3314212874442319949012109623964308
157.0,8.75,104.0,52.0,0.3312101910828025477707006369426752
157.1,8.75,104.0,52.0,0.3309993634627625716104392106938256
157.2,8.75,104.0,52.0,0.3307888040712468193384223918575064
157.3,8.75,104.0,52.0,0.3305785123966942148760330578512397
157.4,8.75,104.0,52.0,0.3303684879288437102922490470139771
157.5,8.75,104.0,52.0,0.3301587301587301587301587301587302
157.6,8.75,104.0,52.0,0.3299492385786802030456852791878173
157.7,8.75,104.0,52.0,0.3297400126823081800887761572606214
157.8,8.75,104.0,52.0,0.3295310519645120405576679340937896
157.9,8.75,104.0,52.0,0.3293223559214692843571880937302090
158.0,8.75,104.0,52.0,0.3291139240506329113924050632911392
158.1,8.75,104.0,52.0,0.3289057558507273877292852624920936
158.2,8.75,104.0,52.0,0.3286978508217446270543615676359039
158.3,8.75,104.0,52.0,0.3284902084649399873657612128869236
158.4,8.75,104.0,52.0,0.3282828282828282828282828282828283
158.5,8.75,104.0,52.0,0.3280757097791798107255520504731861
158.6,8.75,104.0,52.0,0.3278688524590163934426229508196721
158.7,8.75,104.0,52.0,0.3276622558286074354127284183994959
158.8,8.75,104.0,52.0,0.3274559193954659949622166246851385
158.9,8.75,104.0,52.0,0.3272498426683448709880427942101951
159.0,8.75,104.0,52.0,0.3270440251572327044025157232704403
159.1,8.75,104.0,52.0,0.3268384663733500942803268384663734
159.2,8.75,104.0,52.0,0.3266331658291457286432160804020101
159.3,8.75,104.0,52.0,0.3264281230382925298179535467671061
159.4,8.75,104.0,52.0,0.3262233375156838143036386449184442
159.5,8.75,104.0,52.0,0.3260188087774294670846394984326019
159.6,8.75,104.0,52.0,0.3258145363408521303258145363408521
159.7,8.75,104.0,52.0,0.3256105197244834063869755792110207
159.8,8.75,104.0,52.0,0.3254067584480600750938673341677096
159.9,8.75,104.0,52.0,0.3252032520325203252032520325203252
160.0,8.75,104.0,52.0,0.325
160.1,8.75,104.0,52.0,0.3247970018738288569643972517176765
160.2,8.75,104.0,52.0,0.3245942571785268414481897627965044
160.3,8.75,104.0,52.0,0.3243917654398003742981908920773550
160.4,8.75,104.0,52.0,0.3241895261845386533665835411471322
160.5,8.75,104.0,52.0,0.3239875389408099688473520249221184
160.6,8.75,104.0,52.0,0.3237858032378580323785803237858032
160.7,8.75,104.0,52.0,0.3235843186060983198506533914125700
160.8,8.75,104.0,52.0,0.3233830845771144278606965174129353
160.9,8.75,104.0,52.0,0.3231821006836544437538844002486016
161.0,8.75,104.0,52.0,0.3229813664596273291925465838509317
161.1,8.75,104.0,52.0,0.3227808814400993171942892613283675
161.2,8.75,104.0,52.0,0.3225806451612903225806451612903226
161.3,8.75,104.0,52.0,0.3223806571605703657780533168009919
161.4,8.75,104.0,52.0,0.3221809169764560099132589838909542
161.5,8.75,104.0,52.0,0.3219814241486068111455108359133127
161.6,8.75,104.0,52.0,0.3217821782178217821782178217821782
161.7,8.75,104.0,52.0,0.3215831787260358688930117501546073
161.8,8.75,104.0,52.0,0.3213844252163164400494437577255871
161.9,8.75,104.0,52.0,0.3211859172328597899938233477455219
162.0,8.75,104.0,52.0,0.3209876543209876543209876543209877
162.1,8.75,104.0,52.0,0.3207896360271437384330660086366440
162.2,8.75,104.0,52.0,0.3205918618988902589395807644882861
162.3,8.75,104.0,52.0,0.3203943314849044978434996919285274
162.4,8.75,104.0,52.0,0.3201970443349753694581280788177340
162.5,8.75,104.0,52.0,0.32
162.6,8.75,104.0,52.0,0.3198031980319803198031980319803198
162.7,8.75,104.0,52.0,0.3196066379840196681007990165949600
162.8,8.75,104.0,52.0,0.3194103194103194103194103194103194
162.9,8.75,104.0,52.0,0.3192142418661755678330263965623082
163.0,8.75,104.0,52.0,0.3190184049079754601226993865030675
163.1,8.75,104.0,52.0,0.3188228080931943592887798896382587
163.2,8.75,104.0,52.0,0.3186274509803921568627450980392157
163.3,8.75,104.0,52.0,0.3184323331292100428658909981628904
163.4,8.75,104.0,52.0,0.3182374541003671970624235006119951
163.5,8.75,104.0,52.0,0.3180428134556574923547400611620795
163.6,8.75,104.0,52.0,0.3178484107579462102689486552567237
163.7,8.75,104.0,52.0,0.3176542455711667684789248625534514
163.8,8.75,104.0,52.0,0.3174603174603174603174603174603175
163.9,8.75,104.0,52.0,0.3172666259914582062233068944478340
164.0,8.75,104.0,52.0,0.3170731707317073170731707317073171
164.1,8.75,104.0,52.0,0.3168799512492382693479585618525289
164.2,8.75,104.0,52.0,0.3166869671132764920828258221680877
164.3,8.75,104.0,52.0,0.3164942178940961655508216676810712
164.4,8.75,104.0,52.0,0.3163017031630170316301703163017032
164.5,8.75,104.0,52.0,0.3161094224924012158054711246200608
164.6,8.75,104.0,52.0,0.3159173754556500607533414337788578
164.7,8.75,104.0,52.0,0.3157255616272009714632665452337583
164.8,8.75,104.0,52.0,0.3155339805825242718446601941747573
164.9,8.75,104.1,52.05,0.3156458459672528805336567616737417
165.0,8.75,104.3,52.15,0.3160606060606060606060606060606061
165.1,8.75,104.5,52.25,0.3164748637189582071471835251362810
165.2,8.75,104.7,52.35,0.3168886198547215496368038740920097
165.3,8.75,104.9,52.45,0.3173018753781004234724742891712039
165.4,8.75,105.1,52.55,0.3177146311970979443772672309552600
165.5,8.75,105.3,52.65,0.3181268882175226586102719033232628
165.6,8.75,105.5,52.75,0.3185386473429951690821256038647343
165.7,8.75,105.7,52.85,0.3189499094749547374773687386843693
165.8,8.75,105.9,52.95,0.3193606755126658624849215922798552
165.9,8.75,106.1,53.05,0.3197709463532248342374924653405666
166.0,8.75,106.3,53.15,0.3201807228915662650602409638554217
166.1,8.75,106.5,53.25,0.3205900060204695966285370258880193
166.2,8.75,106.7,53.35,0.3209987966305655836341756919374248
166.3,8.75,106.9,53.45,0.3214070956103427540589296452194829
166.4,8.75,107.1,53.55,0.3218149038461538461538461538461538
166.5,8.75,107.3,53.65,0.3222222222222222222222222222222222
166.6,8.75,107.5,53.75,0.3226290516206482593037214885954382
166.7,8.75,107.7,53.85,0.3230353929214157168566286742651470
166.8,8.75,107.9,53.95,0.3234412470023980815347721822541966
166.9,8.75,108.1,54.05,0.3238466147393648891551827441581786
167.0,8.75,108.3,54.15,0.3242514970059880239520958083832335
167.1,8.75,108.5,54.25,0.3246558946738479952124476361460203
167.2,8.75,108.7,54.35,0.3250598086124401913875598086124402
167.3,8.75,108.9,54.45,0.3254632396891811117752540346682606
167.4,8.75,109.1,54.55,0.3258661887694145758661887694145759
167.5,8.75,109.3,54.65,0.3262686567164179104477611940298507
167.6,8.75,109.5,54.75,0.3266706443914081145584725536992840
167.7,8.75,109.7,54.85,0.3270721526535480023852116875372689
167.8,8.75,109.9,54.95,0.3274731823599523241954707985697259
167.9,8.75,110.1,55.05,0.3278737343656938653960690887432996
168.0,8.75,110.3,55.15,0.3282738095238095238095238095238095
168.1,8.75,110.5,55.25,0.3286734086853063652587745389649018
168.2,8.75,110.7,55.35,0.3290725326991676575505350772889417
168.3,8.75,110.9,55.45,0.3294711824123588829471182412358883
168.4,8.75,111.1,55.55,0.3298693586698337292161520190023753
168.5,8.75,111.3,55.65,0.3302670623145400593471810089020772
168.6,8.75,111.5,55.75,0.3306642941874258600237247924080664
168.7,8.75,111.7,55.85,0.3310610551274451689389448725548311
168.8,8.75,111.9,55.95,0.3314573459715639810426540284360190
168.9,8.75,112.1,56.05,0.3318531675547661338069863824748372
169.0,8.75,112.3,56.15,0.3322485207100591715976331360946746
169.1,8.75,112.5,56.25,0.3326434062684801892371377882909521
169.2,8.75,112.7,56.35,0.3330378250591016548463356973995272
169.3,8.75,112.9,56.45,0.3334317779090372120496160661547549
169.4,8.75,113.1,56.55,0.3338252656434474616292798110979929
169.5,8.75,113.3,56.65,0.3342182890855457227138643067846608
169.6,8.75,113.5,56.75,0.3346108490566037735849056603773585
169.7,8.75,113.7,56.85,0.3350029463759575721862109605185622
169.8,8.75,113.9,56.95,0.3353945818610129564193168433451119
169.9,8.75,114.1,57.05,0.3357857563272513243084167157151265
170.0,8.75,114.3,57.15,0.3361764705882352941176470588235294
170.1,8.75,114.5,57.25,0.3365667254556143445032333921222810
170.2,8.75,114.7,57.35,0.3369565217391304347826086956521739
170.3,8.75,114.9,57.45,0.3373458602466236054022313564298297
170.4,8.75,115.1,57.55,0.3377347417840375586854460093896714
170.5,8.75,115.3,57.65,0.3381231671554252199413489736070381
170.6,8.75,115.5,57.75,0.3385111371629542790152403282532239
170.7,8.75,115.7,57.85,0.3388986526069127123608670181605155
170.8,8.75,115.9,57.95,0.3392857142857142857142857142857143
170.9,8.75,116.1,58.05,0.3396723229959040374488004681100059
171.0,8.75,116.3,58.15,0.3400584795321637426900584795321637
171.1,8.75,116.5,58.25,0.3404441846873173582700175336060783
171.2,8.75,116.7,58.35,0.3408294392523364485981308411214953
171.3,8.75,116.9,58.45,0.3412142440163455925277291301809691
171.4,8.75,117.1,58.55,0.3415985997666277712952158693115519
171.5,8.75,117.3,58.65,0.3419825072886297376093294460641399
171.6,8.75,117.5,58.75,0.3423659673659673659673659673659674
171.7,8.75,117.7,58.85,0.3427489807804309842748980780430984
171.8,8.75,117.9,58.95,0.3431315483119906868451688009313155
171.9,8.75,118.1,59.05,0.3435136707388016288539848749272833
172.0,8.75,118.3,59.15,0.3438953488372093023255813953488372
172.1,8.75,118.5,59.25,0.3442765833817547937245787332945962
172.2,8.75,118.7,59.35,0.3446573751451800232288037166085947
172.3,8.75,118.9,59.45,0.3450377248984329657573998839233894
172.4,8.75,119.1,59.55,0.3454176334106728538283062645011601
172.5,8.75,119.3,59.65,0.3457971014492753623188405797101449
172.6,8.75,119.5,59.75,0.3461761297798377752027809965237543
172.7,8.75,119.7,59.85,0.3465547191661841343370005790387956
172.8,8.75,119.9,59.95,0.3469328703703703703703703703703704
172.9,8.75,120.1,60.05,0.3473105841526894158473105841526894
173.0,8.75,120.3,60.15,0.3476878612716763005780346820809249
173.1,8.75,120.5,60.25,0.3480647024841132293471981513575968
173.2,8.75,120.7,60.35,0.3484411085450346420323325635103926
173.3,8.75,120.9,60.45,0.3488170802077322562031159838430467
173.4,8.75,121.1,60.55,0.3491926182237600922722029988465975
173.5,8.75,121.3,60.65,0.3495677233429394812680115273775216
173.6,8.75,121.5,60.75,0.3499423963133640552995391705069124
173.7,8.75,121.7,60.85,0.3503166378814047207829591249280368
173.8,8.75,121.9,60.95,0.3506904487917146144994246260069045
173.9,8.75,122.1,61.05,0.3510638297872340425531914893617021
174.0,8.75,122.3,61.15,0.3514367816091954022988505747126437
174.1,8.75,122.5,61.25,0.3518093049971280873061458931648478
174.2,8.75,122.7,61.35,0.3521814006888633754305396096440873
174.3,8.80,122.8,61.4,0.3522662076878944348823866896156053
174.4,8.90,122.8,61.4,0.3520642201834862385321100917431193
174.5,9.00,122.8,61.4,0.3518624641833810888252148997134670
174.6,9.10,122.8,61.4,0.3516609392898052691867124856815578
174.7,9.20,122.8,61.4,0.3514596451058958214081282198053807
174.8,9.30,122.8,61.4,0.3512585812356979405034324942791762
174.9,9.40,122.8,61.4,0.3510577472841623785020011435105775
175.0,9.50,122.8,61.4,0.3508571428571428571428571428571429
175.1,9.60,122.8,61.4,0.3506567675613934894346087949743004
175.2,9.70,122.8,61.4,0.3504566210045662100456621004566210
175.3,9.80,122.8,61.4,0.3502567027952082144894466628636623
175.4,9.90,122.8,61.4,0.3500570125427594070695553021664766
175.5,10.00,122.8,61.4,0.3498575498575498575498575498575499
175.6,10.10,122.8,61.4,0.3496583143507972665148063781321185
175.7,10.20,122.8,61.4,0.3494593056346044393853158793397837
175.8,10.30,122.8,61.4,0.3492605233219567690557451649601820
175.9,10.40,122.8,61.4,0.3490619670267197271176805002842524
176.0,10.50,122.8,61.4,0.3488636363636363636363636363636364
176.1,10.60,122.8,61.4,0.3486655309483248154457694491766042
176.2,10.70,122.8,61.4,0.3484676503972758229284903518728717
176.3,10.80,122.8,61.4,0.3482699943278502552467385138967669
176.4,10.90,122.8,61.4,0.3480725623582766439909297052154195
176.5,11.00,122.8,61.4,0.3478753541076487252124645892351275
176.6,11.10,122.8,61.4,0.3476783691959229898074745186862967
176.7,11.20,122.8,61.4,0.3474816072439162422184493491794001
176.8,11.30,122.8,61.4,0.3472850678733031674208144796380090
176.9,11.40,122.8,61.4,0.3470887507066139061616732617297908
177.0,11.50,122.8,61.4,0.3468926553672316384180790960451977
177.1,11.60,122.8,61.4,0.3466967814793901750423489553924337
177.2,11.70,122.8,61.4,0.3465011286681715575620767494356659
177.3,11.80,122.8,61.4,0.3463056965595036661026508742244783
177.4,11.90,122.8,61.4,0.3461104847801578354002254791431793
177.5,12.00,122.8,61.4,0.3459154929577464788732394366197183
177.6,12.10,122.8,61.4,0.3457207207207207207207207207207207
177.7,12.15,122.8,61.4,0.3455261676983680360157568936409679
177.8,12.15,122.8,61.4,0.3453318335208098987626546681664792
177.9,12.15,122.8,61.4,0.3451377178189994378864530635188308
178.0,12.15,122.8,61.4,0.3449438202247191011235955056179775
178.1,12.15,122.8,61.4,0.3447501403705783267827063447501404
178.2,12.15,122.8,61.4,0.3445566778900112233445566778900112
178.3,12.15,122.8,61.4,0.3443634324172742568704430734716769
178.4,12.15,122.8,61.4,0.3441704035874439461883408071748879
178.5,12.15,122.8,61.4,0.3439775910364145658263305322128852
178.6,12.15,122.8,61.4,0.3437849944008958566629339305711086
178.7,12.15,122.8,61.4,0.3435926133184107442641298265249021
178.8,12.15,122.8,61.4,0.3434004474272930648769574944071588
178.9,12.15,122.8,61.4,0.3432084963666852990497484628283958
179.0,12.15,122.8,61.4,0.3430167597765363128491620111731844
179.1,12.15,122.8,61.4,0.3428252372975991066443327749860413
179.2,12.15,122.8,61.4,0.3426339285714285714285714285714286
179.3,12.15,122.8,61.4,0.3424428332403792526491912994980480
179.4,12.15,122.8,61.4,0.3422519509476031215161649944258640
179.5,12.15,122.8,61.4,0.3420612813370473537604456824512535
179.6,12.15,122.8,61.4,0.3418708240534521158129175946547884
179.7,12.15,122.8,61.4,0.3416805787423483583750695603784085
179.8,12.15,122.8,61.4,0.3414905450500556173526140155728587
179.9,12.15,122.8,61.4,0.3413007226236798221234018899388549
180.0,12.15,122.8,61.4,0.3411111111111111111111111111111111
180.1,12.15,122.8,61.4,0.3409217101610216546363131593559134
180.2,12.15,122.8,61.4,0.3407325194228634850166481687014428
180.3,12.15,122.8,61.4,0.3405435385468663338879645036051026
180.4,12.15,122.8,61.4,0.3403547671840354767184035476718404
180.5,12.15,122.8,61.4,0.3401662049861495844875346260387812
180.6,12.15,122.8,61.4,0.3399778516057585825027685492801772
180.7,12.15,122.8,61.4,0.3397897066961815163254012174875484
180.8,12.15,122.8,61.4,0.3396017699115044247787610619469027
180.9,12.15,122.8,61.4,0.3394140409065782200110558319513543
181.0,12.15,122.8,61.4,0.3392265193370165745856353591160221
181.1,12.15,122.8,61.4,0.3390392048591938155715074544450580
181.2,12.15,122.8,61.4,0.3388520971302428256070640176600442
181.3,12.15,122.8,61.4,0.3386651958080529509100937672366244
181.4,12.15,122.8,61.4,0.3384785005512679162072767364939361
181.5,12.15,122.8,61.4,0.3382920110192837465564738292011019
181.6,12.15,122.8,61.4,0.3381057268722466960352422907488987
181.7,12.15,122.8,61.4,0.3379196477710511832691249312052834
181.8,12.15,122.8,61.4,0.3377337733773377337733773377337734
181.9,12.15,122.8,61.4,0.3375481033534909290819131390874107
182.0,12.15,122.8,61.4,0.3373626373626373626373626373626374
182.1,12.15,122.8,61.4,0.3371773750686436024162548050521691
182.2,12.15,122.8,61.4,0.3369923161361141602634467618002195
182.3,12.15,122.8,61.4,0.3368074602303894679100383982446517
182.4,12.15,122.8,61.4,0.3366228070175438596491228070175439
182.5,12.15,122.8,61.4,0.3364383561643835616438356164383562
182.6,12.15,122.8,61.4,0.3362541073384446878422782037239869
182.7,12.15,122.8,61.4,0.3360700602079912424740010946907499
182.8,12.15,122.8,61.4,0.3358862144420131291028446389496718
182.9,12.15,122.8,61.4,0.3357025697102241662110442864953527
183.0,12.15,122.8,61.4,0.3355191256830601092896174863387978
183.1,12.15,122.8,61.4,0.3353358820316766794101583833970508
183.2,12.15,122.8,61.4,0.3351528384279475982532751091703057
183.3,12.15,122.8,61.4,0.3349699945444626295690125477359520
183.4,12.15,122.8,61.4,0.3347873500545256270447110141766630
183.5,12.15,122.8,61.4,0.3346049046321525885558583106267030
183.6,12.15,122.8,61.4,0.3344226579520697167755991285403050
183.7,12.15,122.8,61.4,0.3342406096897114861186717474142624
183.8,12.15,122.8,61.4,0.3340587595212187159956474428726877
183.9,12.15,122.8,61.4,0.3338771071234366503534529635671561
184.0,12.15,122.8,61.4,0.3336956521739130434782608695652174
184.1,12.15,122.8,61.4,0.3335143943508962520369364475828354
184.2,12.15,122.8,61.4,0.3333333333333333333333333333333333
184.3,12.15,122.8,61.4,0.3331524688008681497558328811720022
184.4,12.15,122.8,61.4,0.3329718004338394793926247288503254
184.5,12.15,122.8,61.4,0.3327913279132791327913279132791328
184.6,12.15,122.8,61.4,0.3326110509209100758396533044420368
184.7,12.15,122.8,61.4,0.3324309691391445587439090416892258
184.8,12.15,122.8,61.4,0.3322510822510822510822510822510823
184.9,12.15,122.8,61.4,0.3320713899405083829096809085992428
185.0,12.15,122.8,61.4,0.3318918918918918918918918918918919
185.1,12.15,122.8,61.4,0.3317125877903835764451647757968666
185.2,12.15,122.8,61.4,0.3315334773218142548596112311015119
185.3,12.15,122.8,61.4,0.3313545601726929303831624392876417
185.4,12.15,122.8,61.4,0.3311758360302049622437971952535059
185.5,12.15,122.8,61.4,0.3309973045822102425876010781671159
185.6,12.15,122.8,61.4,0.3308189655172413793103448275862069
185.7,12.15,122.8,61.4,0.3306408185245018847603661820140011
185.8,12.15,122.8,61.4,0.3304628632938643702906350914962325
185.9,12.15,122.8,61.4,0.3302850995158687466379774072081764
186.0,12.15,122.8,61.4,0.3301075268817204301075268817204301
186.1,12.15,122.8,61.4,0.3299301450832885545405695862439549
186.2,12.15,122.8,61.4,0.3297529538131041890440386680988185
186.3,12.15,122.8,61.4,0.3295759527643585614600107353730542
186.4,12.15,122.8,61.4,0.3293991416309012875536480686695279
186.5,12.15,122.8,61.4,0.3292225201072386058981233243967828
186.6,12.15,122.8,61.4,0.3290460878885316184351554126473741
186.7,12.15,122.8,61.4,0.3288698446705945366898768077129084
186.8,12.15,122.8,61.4,0.3286937901498929336188436830835118
186.9,12.15,122.8,61.4,0.3285179240235420010700909577314072
187.0,12.15,122.8,61.4,0.3283422459893048128342245989304813
187.1,12.15,122.8,61.4,0.3281667557455905932656333511491181
187.2,12.15,122.8,61.4,0.3279914529914529914529914529914530
187.3,12.15,122.8,61.4,0.3278163374265883609183128670581954
187.4,12.15,122.8,61.4,0.3276414087513340448239060832443970
187.5,12.15,122.8,61.4,0.3274666666666666666666666666666667
187.6,12.15,122.8,61.4,0.3272921108742004264392324093816631
187.7,12.15,122.8,61.4,0.3271177410761854022376132125732552
187.8,12.15,122.8,61.4,0.3269435569755058572949946751863685
187.9,12.15,122.8,61.4,0.3267695582756785524215007982969665
188.0,12.15,122.8,61.4,0.3265957446808510638297872340425532
188.1,12.15,122.8,61.4,0.3264221158958001063264221158958001
188.2,12.15,122.8,61.4,0.3262486716259298618490967056323061
188.3,12.15,122.8,61.4,0.3260754115772703133297928836962294
188.4,12.15,122.8,61.4,0.3259023354564755838641188959660297
188.5,12.15,122.8,61.4,0.3257294429708222811671087533156499
188.6,12.15,122.8,61.4,0.3255567338282078472958642629904560
188.7,12.15,122.8,61.4,0.3253842077371489136195018547959724
188.8,12.15,122.8,61.4,0.3252118644067796610169491525423729
188.9,12.15,122.8,61.4,0.3250397035468501852832186341979884
189.0,12.15,122.8,61.4,0.3248677248677248677248677248677249
189.1,12.15,122.8,61.4,0.3246959280803807509254362771020624
189.2,12.15,122.8,61.4,0.3245243128964059196617336152219873
189.3,12.15,122.8,61.4,0.3243528790279978869519281563655573
189.4,12.15,122.8,61.4,0.3241816261879619852164730728616684
189.5,12.15,122.8,61.4,0.3240105540897097625329815303430079
189.6,12.15,122.8,61.4,0.3238396624472573839662447257383966
189.7,12.15,122.8,61.4,0.3236689509752240379546652609383237
189.8,12.15,122.8,61.4,0.3234984193888303477344573234984194
189.9,12.15,122.8,61.4,0.3233280674038967877830437072143233
190.0,12.15,122.8,61.4,0.3231578947368421052631578947368421
190.1,12.15,122.8,61.4,0.3229879011046817464492372435560231
190.2,12.15,122.8,61.4,0.3228180862250262881177707676130389
190.3,12.15,122.8,61.4,0.3226484498160798738833420914345770
190.4,12.15,122.8,61.4,0.3224789915966386554621848739495798
190.5,12.15,122.8,61.4,0.3223097112860892388451443569553806
190.6,12.15,122.8,61.4,0.3221406086044071353620146904512067
190.7,12.15,122.8,61.4,0.3219716832721552176192973256423702
190.8,12.15,122.8,61.4,0.3218029350104821802935010482180294
190.9,12.15,122.8,61.4,0.3216343635411210057621791513881613
191.0,12.15,122.8,61.4,0.3214659685863874345549738219895288
191.1,12.15,122.8,61.4,0.3212977498691784406070120355834642
191.2,12.15,122.9,61.45,0.3213912133891213389121338912133891
191.3,12.15,123.1,61.55,0.3217459487715629900679560899111343
191.4,12.15,123.3,61.65,0.3221003134796238244514106583072100
191.5,12.15,123.5,61.75,0.3224543080939947780678851174934726
191.6,12.15,123.7,61.85,0.3228079331941544885177453027139875
191.7,12.15,123.9,61.95,0.3231611893583724569640062597809077
191.8,12.15,124.1,62.05,0.3235140771637122002085505735140772
191.9,12.15,124.3,62.15,0.3238665971860343929129755080771235
192.0,12.15,124.5,62.25,0.32421875
192.1,12.15,124.7,62.35,0.3245705361790733992712129099427382
192.2,12.15,124.9,62.45,0.3249219562955254942767950052029136
192.3,12.15,125.1,62.55,0.3252730109204368174726989079563183
192.4,12.15,125.3,62.65,0.3256237006237006237006237006237006
192.5,12.15,125.5,62.75,0.3259740259740259740259740259740260
192.6,12.15,125.7,62.85,0.3263239875389408099688473520249221
192.7,12.15,125.9,62.95,0.3266735858847950181629475869226777
192.8,12.15,126.1,63.05,0.3270228215767634854771784232365145
192.9,12.15,126.3,63.15,0.3273716951788491446345256609642302
193.0,12.15,126.5,63.25,0.3277202072538860103626943005181347
193.1,12.15,126.7,63.35,0.3280683583635422061108234075608493
193.2,12.15,126.9,63.45,0.3284161490683229813664596273291925
193.3,12.15,127.1,63.55,0.3287635799275737196068287635799276
193.4,12.15,127.3,63.65,0.3291106514994829369183040330920372
193.5,12.15,127.5,63.75,0.3294573643410852713178294573643411
193.6,12.15,127.7,63.85,0.3298037190082644628099173553719008
193.7,12.15,127.9,63.95,0.3301497160557563242127000516262261
193.8,12.15,128.1,64.05,0.3304953560371517027863777089783282
193.9,12.15,128.3,64.15,0.3308406395048994326972666322846828
194.0,12.15,128.5,64.25,0.3311855670103092783505154639175258
194.1,12.15,128.7,64.35,0.3315301391035548686244204018547141
194.2,12.15,128.9,64.45,0.3318743563336766220391349124613800
194.3,12.15,129.1,64.55,0.3322182192485846628924343798250129
194.4,12.15,129.3,64.65,0.3325617283950617283950617283950617
194.5,12.15,129.5,64.75,0.3329048843187660668380462724935733
194.6,12.15,129.7,64.85,0.3332476875642343268242548818088386
194.7,12.15,129.9,64.95,0.3335901386748844375963020030816641
194.8,12.15,130.1,65.05,0.3339322381930184804928131416837782
194.9,12.15,130.3,65.15,0.3342739866598255515649050795279631
195.0,12.15,130.5,65.25,0.3346153846153846153846153846153846
195.1,12.15,130.7,65.35,0.3349564325986673500768836494105587
195.2,12.15,130.9,65.45,0.3352971311475409836065573770491803
195.3,12.15,131.1,65.55,0.3356374807987711213517665130568356
195.4,12.15,131.3,65.65,0.3359774820880245649948822927328557
195.5,12.15,131.5,65.75,0.3363171355498721227621483375959079
195.6,12.15,131.7,65.85,0.3366564417177914110429447852760736
195.7,12.15,131.9,65.95,0.3369954011241696474195196729688298
195.8,12.15,132.1,66.05,0.3373340143003064351378958120531154
195.9,12.15,132.3,66.15,0.3376722817764165390505359877488515
196.0,12.15,132.5,66.25,0.3380102040816326530612244897959184
196.1,12.15,132.7,66.35,0.3383477817440081591024987251402346
196.2,12.15,132.9,66.45,0.3386850152905198776758409785932722
196.3,12.15,133.1,66.55,0.3390219052470708099847172694854814
196.4,12.15,133.3,66.65,0.3393584521384928716904276985743381
196.5,12.15,133.5,66.75,0.3396946564885496183206106870229008
196.6,12.15,133.7,66.85,0.3400305188199389623601220752797558
196.7,12.15,133.9,66.95,0.3403660396542958820538891713268937
196.8,12.15,134.1,67.05,0.3407012195121951219512195121951220
196.9,12.15,134.3,67.15,0.3410360589131538852209243270695785
197.0,12.15,134.5,67.25,0.3413705583756345177664974619289340
197.1,12.15,134.7,67.35,0.3417047184170471841704718417047184
197.2,12.15,134.9,67.45,0.3420385395537525354969574036511156
197.3,12.15,135.1,67.55,0.3423720223010643689812468322351749
197.4,12.15,135.3,67.65,0.3427051671732522796352583586626140
197.5,12.15,135.5,67.75,0.3430379746835443037974683544303797
197.6,12.15,135.7,67.85,0.3433704453441295546558704453441296
197.7,12.15,135.9,67.95,0.3437025796661608497723823975720789
197.8,12.15,136.1,68.05,0.3440343781597573306370070778564206
197.9,12.15,136.3,68.15,0.3443658413340070742799393633148055
198.0,12.15,136.5,68.25,0.3446969696969696969696969696969697
198.1,12.15,136.7,68.35,0.3450277637556789500252397778899546
198.2,12.15,136.9,68.45,0.3453582240161453077699293642785066
198.3,12.15,137.1,68.55,0.3456883509833585476550680786686838
198.4,12.15,137.3,68.65,0.3460181451612903225806451612903226
198.5,12.15,137.5,68.75,0.3463476070528967254408060453400504
198.6,12.15,137.7,68.85,0.3466767371601208459214501510574018
198.7,12.15,137.9,68.95,0.3470055359838953195772521389028686
198.8,12.15,138.1,69.05,0.3473340040241448692152917505030181
198.9,12.15,138.3,69.15,0.3476621417797888386123680241327300
199.0,12.15,138.5,69.25,0.3479899497487437185929648241206030
199.1,12.15,138.7,69.35,0.3483174284279256654947262682069312
199.2,12.15,138.9,69.45,0.3486445783132530120481927710843373
199.3,12.15,139.1,69.55,0.3489713998996487706974410436527847
199.4,12.15,139.3,69.65,0.3492978936810431293881644934804413
199.5,12.15,139.5,69.75,0.3496240601503759398496240601503759
199.6,12.15,139.7,69.85,0.3499498997995991983967935871743487
199.7,12.15,139.9,69.95,0.3502754131196795192789183775663495
199.8,12.15,140.1,70.05,0.3506006006006006006006006006006006
199.9,12.15,140.3,70.15,0.3509254627313656828414207103551776
200.0,12.15,140.5,70.25,0.35125
200.1,12.15,140.7,70.35,0.3515742128935532233883058470764618
200.2,12.15,140.9,70.45,0.3518981018981018981018981018981019
200.3,12.15,141.1,70.55,0.3522216674987518721917124313529705
200.4,12.15,141.3,70.65,0.3525449101796407185628742514970060
200.5,12.15,141.5,70.75,0.3528678304239401496259351620947631
200.6,12.15,141.7,70.85,0.3531904287138584247258225324027916
200.7,12.15,141.9,70.95,0.3535127055306427503736920777279522
200.8,12.15,142.1,71.05,0.3538346613545816733067729083665339
200.9,12.15,142.3,71.15,0.3541562966650074664011946241911399
201.0,12.15,142.5,71.25,0.3544776119402985074626865671641791
201.1,12.15,142.7,71.35,0.3547986076578816509199403281949279
201.2,12.15,142.9,71.45,0.3551192842942345924453280318091451
201.3,12.15,143.1,71.55,0.3554396423248882265275707898658718
201.4,12.15,143.3,71.65,0.3557596822244289970208540218470705
201.5,12.15,143.5,71.75,0.3560794044665012406947890818858561
201.6,12.15,143.7,71.85,0.3563988095238095238095238095238095
201.7,12.15,143.9,71.95,0.3567178978681209717402082300446207
201.8,12.15,144.1,72.05,0.3570366699702675916749256689791873
201.9,12.15,144.3,72.15,0.3573551263001485884101040118870728
202.0,12.15,144.5,72.25,0.3576732673267326732673267326732673
202.1,12.15,144.7,72.35,0.3579910935180603661553686293913904
202.2,12.15,144.9,72.45,0.3583086053412462908011869436201780
202.3,12.15,145.1,72.55,0.3586258032624814631735046959960455
202.4,12.15,145.3,72.65,0.3589426877470355731225296442687747
202.5,12.15,145.5,72.75,0.3592592592592592592592592592592593
202.6,12.15,145.7,72.85,0.3595755182625863770977295162882527
202.7,12.20,145.8,72.9,0.3596447952639368524913665515540207
202.8,12.30,145.8,72.9,0.3594674556213017751479289940828402
202.9,12.40,145.8,72.9,0.3592902907836372597338590438639724
203.0,12.45,145.8,72.9,0.3591133004926108374384236453201970
203.1,12.45,145.8,72.9,0.3589364844903988183161004431314623
203.2,12.45,145.8,72.9,0.3587598425196850393700787401574803
203.3,12.45,145.8,72.9,0.3585833743236596163305459911460895
203.4,12.45,145.8,72.9,0.3584070796460176991150442477876106
203.5,12.45,145.8,72.9,0.3582309582309582309582309582309582
203.6,12.45,145.8,72.9,0.3580550098231827111984282907662083
203.7,12.45,145.8,72.9,0.3578792341678939617083946980854197
203.8,12.45,145.8,72.9,0.3577036310107948969578017664376840
203.9,12.45,145.8,72.9,0.3575282000980872976949485041687102
204.0,12.45,145.8,72.9,0.3573529411764705882352941176470588
204.1,12.45,145.8,72.9,0.3571778539931406173444390004899559
204.2,12.45,145.8,72.9,0.3570029382957884427032321253672870
204.3,12.45,145.8,72.9,0.3568281938325991189427312775330396
204.4,12.45,145.8,72.9,0.3566536203522504892367906066536204
204.5,12.45,145.8,72.9,0.3564792176039119804400977995110024
204.6,12.45,145.8,72.9,0.3563049853372434017595307917888563
204.7,12.45,145.8,72.9,0.3561309233023937469467513434294089
204.8,12.45,145.8,72.9,0.35595703125
204.9,12.45,145.8,72.9,0.3557833089311859443631039531478770
205.0,12.45,145.8,72.9,0.3556097560975609756097560975609756
205.1,12.45,145.8,72.9,0.3554363725012189176011701608971234
205.2,12.45,145.8,72.9,0.3552631578947368421052631578947368
205.3,12.45,145.8,72.9,0.3550901120311738918655625913297613
205.4,12.45,145.8,72.9,0.3549172346640701071080817916260954
205.5,12.45,145.8,72.9,0.3547445255474452554744525547445255
205.6,12.45,145.8,72.9,0.3545719844357976653696498054474708
205.7,12.45,145.8,72.9,0.3543996110841030627126883811375790
205.8,12.45,145.8,72.9,0.3542274052478134110787172011661808
205.9,12.45,145.8,72.9,0.3540553666828557552209810587663915
206.0,12.45,145.8,72.9,0.3538834951456310679611650485436893
206.1,12.45,145.8,72.9,0.3537117903930131004366812227074236
206.2,12.45,145.8,72.9,0.3535402521823472356935014548981571
206.3,12.45,145.8,72.9,0.3533688802714493456131846825012118
206.4,12.45,145.8,72.9,0.3531976744186046511627906976744186
206.5,12.45,145.8,72.9,0.3530266343825665859564164648910412
206.6,12.45,145.8,72.9,0.3528557599225556631171345595353340
206.7,12.45,145.8,72.9,0.3526850507982583454281567489114659
206.8,12.45,145.8,72.9,0.3525145067698259187620889748549323
206.9,12.45,145.8,72.9,0.3523441275978733687771870468825520
207.0,12.45,145.8,72.9,0.3521739130434782608695652173913043
207.1,12.45,145.8,72.9,0.3520038628681796233703524867213906
207.2,12.45,145.8,72.9,0.3518339768339768339768339768339768
207.3,12.45,145.8,72.9,0.3516642547033285094066570188133140
207.4,12.45,145.8,72.9,0.3514946962391513982642237222757956
207.5,12.45,145.8,72.9,0.3513253012048192771084337349397590
207.6,12.45,145.8,72.9,0.3511560693641618497109826589595376
207.7,12.45,145.8,72.9,0.3509870004814636494944631680308137
207.8,12.45,145.8,72.9,0.3508180943214629451395572666025024
207.9,12.45,145.8,72.9,0.3506493506493506493506493506493506
208.0,12.45,145.8,72.9,0.3504807692307692307692307692307692
208.1,12.45,145.8,72.9,0.3503123498318116290245074483421432
208.2,12.45,145.8,72.9,0.3501440922190201729106628242074928
208.3,12.45,145.8,72.9,0.3499759961593855016802688430148824
208.4,12.45,145.8,72.9,0.3498080614203454894433781190019194
208.5,12.45,145.8,72.9,0.3496402877697841726618705035971223
208.6,12.45,145.8,72.9,0.3494726749760306807286673058485139
208.7,12.45,145.8,72.9,0.3493052228078581696214662194537614
208.8,12.45,145.8,72.9,0.3491379310344827586206896551724138
208.9,12.45,145.8,72.9,0.3489707994255624700813786500718047
209.0,12.45,145.8,72.9,0.3488038277511961722488038277511962
209.1,12.45,145.8,72.9,0.3486370157819225251076040172166428
209.2,12.45,145.8,72.9,0.3484703632887189292543021032504780
209.3,12.45,145.8,72.9,0.3483038700430004777830864787386527
209.4,12.45,145.8,72.9,0.3481375358166189111747851002865330
209.5,12.45,145.8,72.9,0.3479713603818615751789976133651551
209.6,12.45,145.8,72.9,0.3478053435114503816793893129770992
209.7,12.45,145.8,72.9,0.3476394849785407725321888412017167
209.8,12.45,145.8,72.9,0.3474737845567206863679694947569113
209.9,12.45,145.8,72.9,0.3473082420200095283468318246784183
210.0,12.45,145.8,72.9,0.3471428571428571428571428571428571
210.1,12.45,145.8,72.9,0.3469776297001427891480247501189910
210.2,12.45,145.8,72.9,0.3468125594671741198858230256898192
210.3,12.45,145.8,72.9,0.3466476462196861626248216833095578
210.4,12.45,145.8,72.9,0.3464828897338403041825095057034221
210.5,12.45,145.8,72.9,0.3463182897862232779097387173396675
210.6,12.45,145.8,72.9,0.3461538461538461538461538461538462
210.7,12.45,145.8,72.9,0.3459895586141433317513051732320835
210.8,12.45,145.8,72.9,0.3458254269449715370018975332068311
210.9,12.45,145.8,72.9,0.3456614509246088193456614509246088
211.0,12.45,145.8,72.9,0.3454976303317535545023696682464455
211.1,12.45,145.8,72.9,0.3453339649455234486025580293699668
211.2,12.45,145.8,72.9,0.3451704545454545454545454545454545
211.3,12.45,145.8,72.9,0.3450070989115002366303833412210128
211.4,12.45,145.8,72.9,0.3448438978240302743614001892147588
211.5,12.45,145.8,72.9,0.3446808510638297872340425531914894
211.6,12.45,145.8,72.9,0.3445179584120982986767485822306238
211.7,12.45,145.8,72.9,0.3443552196504487482286254133207369
211.8,12.45,145.8,72.9,0.3441926345609065155807365439093484
211.9,12.45,145.8,72.9,0.3440302029259084473808400188768287
212.0,12.45,145.8,72.9,0.3438679245283018867924528301886792
212.1,12.45,145.8,72.9,0.3437057991513437057991513437057992
212.2,12.45,145.8,72.9,0.3435438265786993402450518378887842
212.3,12.45,145.8,72.9,0.3433820065944418276024493641073952
212.4,12.45,145.8,72.9,0.3432203389830508474576271186440678
212.5,12.45,145.8,72.9,0.3430588235294117647058823529411765
212.6,12.45,145.8,72.9,0.3428974600188146754468485418626529
212.7,12.45,145.8,72.9,0.3427362482369534555712270803949224
212.8,12.45,145.8,72.9,0.3425751879699248120300751879699248
212.9,12.45,145.8,72.9,0.3424142790042273367778299671207140
213.0,12.45,145.8,72.9,0.3422535211267605633802816901408451
213.1,12.45,145.8,72.9,0.3420929141248240262787423744720788
213.2,12.45,145.8,72.9,0.3419324577861163227016885553470919
213.3,12.45,145.8,72.9,0.3417721518987341772151898734177215
213.4,12.45,145.8,72.9,0.3416119962511715089034676663542643
213.5,12.45,145.8,72.9,0.3414519906323185011709601873536300
213.6,12.45,145.8,72.9,0.3412921348314606741573033707865169
213.7,12.45,145.8,72.9,0.3411324286382779597566682264857277
213.8,12.45,145.8,72.9,0.3409728718428437792329279700654818
213.9,12.45,145.8,72.9,0.3408134642356241234221598877980365
214.0,12.45,145.8,72.9,0.3406542056074766355140186915887850
214.1,12.45,145.8,72.9,0.3404950957496496964035497431106959
214.2,12.45,145.8,72.9,0.3403361344537815126050420168067227
214.3,12.45,145.8,72.9,0.3401773215118992067195520298646757
214.4,12.45,145.8,72.9,0.3400186567164179104477611940298507
214.5,12.45,145.8,72.9,0.3398601398601398601398601398601399
214.6,12.45,145.8,72.9,0.3397017707362534948741845293569432
214.7,12.45,145.8,72.9,0.3395435491383325570563577084303680
214.8,12.45,145.8,72.9,0.3393854748603351955307262569832402
214.9,12.45,145.8,72.9,0.3392275476966030711959050721265705
215.0,12.45,145.8,72.9,0.3390697674418604651162790697674419
215.1,12.45,145.8,72.9,0.3389121338912133891213389121338912
215.2,12.45,145.8,72.9,0.3387546468401486988847583643122677
215.3,12.45,145.8,72.9,0.3385973060845332094751509521597771
215.4,12.45,145.8,72.9,0.3384401114206128133704735376044568
215.5,12.45,145.8,72.9,0.3382830626450116009280742459396752
215.6,12.45,145.8,72.9,0.3381261595547309833024118738404453
215.7,12.45,145.8,72.9,0.3379694019471488178025034770514604
215.8,12.45,145.8,72.9,0.3378127896200185356811862835959222
215.9,12.45,145.8,72.9,0.3376563223714682723483094025011579
216.0,12.45,145.8,72.9,0.3375
216.1,12.45,145.8,72.9,0.3373438223044886626561776955113373
216.2,12.45,145.8,72.9,0.3371877890841813135985198889916744
216.3,12.45,145.8,72.9,0.3370319001386962552011095700416089
216.4,12.45,145.8,72.9,0.3368761552680221811460258780036969
216.5,12.45,145.8,72.9,0.3367205542725173210161662817551963
216.6,12.45,145.8,72.9,0.3365650969529085872576177285318560
216.7,12.45,145.8,72.9,0.3364097831102907245039224734656207
216.8,12.45,145.8,72.9,0.3362546125461254612546125461254613
216.9,12.45,145.8,72.9,0.3360995850622406639004149377593361
217.0,12.45,145.8,72.9,0.3359447004608294930875576036866359
217.1,12.45,145.8,72.9,0.3357899585444495624136342699216951
217.2,12.45,145.8,72.9,0.3356353591160220994475138121546961
217.3,12.45,145.8,72.9,0.3354809019788311090658076392084676
217.4,12.45,145.8,72.9,0.3353265869365225390984360625574977
217.5,12.45,145.8,72.9,0.3351724137931034482758620689655172
217.6,12.45,145.8,72.9,0.3350183823529411764705882352941176
217.7,12.45,145.8,72.9,0.3348644924207625172255397335783188
217.8,12.45,145.8,72.9,0.3347107438016528925619834710743802
217.9,12.45,145.8,72.9,0.3345571363010555300596603946764571
218.0,12.45,145.8,72.9,0.3344036697247706422018348623853211
218.1,12.45,145.8,72.9,0.3342503438789546079779917469050894
218.2,12.45,145.8,72.9,0.3340971585701191567369385884509624
218.3,12.45,145.8,72.9,0.3339441136051305542830966559780119
218.4,12.45,145.8,72.9,0.3337912087912087912087912087912088
218.5,12.45,145.8,72.9,0.3336384439359267734553775743707094
218.6,12.45,145.8,72.9,0.3334858188472095150960658737419945
218.7,12.45,145.8,72.9,0.3333333333333333333333333333333333
218.8,12.45,145.8,72.9,0.3331809872029250457038391224862888
218.9,12.45,145.8,72.9,0.3330287802649611694837825491091823
219.0,12.45,145.8,72.9,0.3328767123287671232876712328767123
219.1,12.45,145.8,72.9,0.3327247832040164308534915563669557
219.2,12.45,145.8,72.9,0.3325729927007299270072992700729927
219.3,12.45,145.8,72.9,0.3324213406292749658002735978112175
219.4,12.45,145.8,72.9,0.3322698268003646308113035551504102
219.5,12.45,145.8,72.9,0.3321184510250569476082004555808656
219.6,12.45,145.8,72.9,0.3319672131147540983606557377049180
219.7,12.45,145.8,72.9,0.3318161128812016385980883022303141
219.8,12.45,145.8,72.9,0.3316651501364877161055505004549591
219.9,12.45,145.8,72.9,0.3315143246930422919508867667121419
220.0,12.45,145.8,72.9,0.3313636363636363636363636363636364
220.1,12.45,145.8,72.9,0.3312130849613811903680145388459791
220.2,12.45,145.8,72.9,0.3310626702997275204359673024523161
220.3,12.45,145.8,72.9,0.3309123921924648206990467544257830
220.4,12.45,145.8,72.9,0.3307622504537205081669691470054446
220.5,12.45,145.8,72.9,0.3306122448979591836734693877551020
220.6,12.45,145.8,72.9,0.3304623753399818676337262012692656
220.7,12.45,145.8,72.9,0.3303126415949252378794743996375170
220.8,12.45,145.8,72.9,0.3301630434782608695652173913043478
220.9,12.45,145.8,72.9,0.3300135808057944771389769126301494
221.0,12.45,145.8,72.9,0.3298642533936651583710407239819005
221.1,12.45,145.8,72.9,0.3297150610583446404341926729986431
221.2,12.45,145.8,72.9,0.3295660036166365280289330922242315
221.3,12.45,145.8,72.9,0.3294170808856755535472209670131044
221.4,12.45,145.8,72.9,0.3292682926829268292682926829268293
221.5,12.45,145.8,72.9,0.3291196388261851015801354401805869
221.6,12.45,145.8,72.9,0.3289711191335740072202166064981949
221.7,12.45,145.8,72.9,0.3288227334235453315290933694181326
221.8,12.45,145.8,72.9,0.3286744815148782687105500450856628
221.9,12.45,145.8,72.9,0.3285263632266786840919333032897702
222.0,12.45,145.8,72.9,0.3283783783783783783783783783783784
222.1,12.45,145.8,72.9,0.3282305267897343538946420531292211
222.2,12.45,145.8,72.9,0.3280828082808280828082808280828083
222.3,12.45,145.8,72.9,0.3279352226720647773279352226720648
222.4,12.45,145.8,72.9,0.3277877697841726618705035971223022
222.5,12.45,145.8,72.9,0.3276404494382022471910112359550562
222.6,12.45,145.8,72.9,0.3274932614555256064690026954177898
222.7,12.45,145.8,72.9,0.3273462056578356533453075886843287
222.8,12.45,145.8,72.9,0.3271992818671454219030520646319569
222.9,12.45,145.8,72.9,0.3270524899057873485868102288021534
223.0,12.45,145.8,72.9,0.3269058295964125560538116591928251
223.1,12.45,145.8,72.9,0.3267593007619901389511429852084267
223.2,12.45,145.8,72.9,0.3266129032258064516129032258064516
223.3,12.45,145.8,72.9,0.3264666368114643976712942230183609
223.4,12.45,145.8,72.9,0.3263205013428827215756490599820949
223.5,12.45,145.8,72.9,0.3261744966442953020134228187919463
223.6,12.45,145.8,72.9,0.3260286225402504472271914132379249
223.7,12.45,145.8,72.9,0.3258828788556101922217255252570407
223.8,12.45,145.8,72.9,0.3257372654155495978552278820375335
223.9,12.45,145.8,72.9,0.3255917820455560518088432335864225
224.0,12.45,145.8,72.9,0.3254464285714285714285714285714286
224.1,12.45,145.8,72.9,0.3253012048192771084337349397590361
224.2,12.45,145.8,72.9,0.3251561106155218554861730597680642
224.3,12.45,145.9,72.95,0.3252340615247436469014712438698172
224.4,12.45,146.1,73.05,0.3255347593582887700534759358288770
224.5,12.45,146.3,73.15,0.3258351893095768374164810690423163
224.6,12.45,146.5,73.25,0.3261353517364203027604630454140695
224.7,12.45,146.7,73.35,0.3264352469959946595460614152202937
224.8,12.45,146.9,73.45,0.3267348754448398576512455516014235
224.9,12.45,147.1,73.55,0.3270342374388617163183637172076478
225.0,12.45,147.3,73.65,0.3273333333333333333333333333333333
225.1,12.45,147.5,73.75,0.3276321634828964904486894713460684
225.2,12.45,147.7,73.85,0.3279307282415630550621669626998224
225.3,12.45,147.9,73.95,0.3282290279627163781624500665778961
225.4,12.45,148.1,74.05,0.3285270629991126885536823425022183
225.5,12.45,148.3,74.15,0.3288248337028824833702882483370288
225.6,12.45,148.5,74.25,0.3291223404255319148936170212765957
225.7,12.45,148.7,74.35,0.3294195835179441736818785999113868
225.8,12.45,148.9,74.45,0.3297165633303808680248007085916740
225.9,12.45,149.1,74.55,0.3300132802124833997343957503320053
226.0,12.45,149.3,74.65,0.3303097345132743362831858407079646
226.1,12.50,149.4,74.7,0.3303847854931446262715612560813799
226.2,12.60,149.4,74.7,0.3302387267904509283819628647214854
226.3,12.70,149.4,74.7,0.3300927971718957136544410075121520
226.4,12.80,149.4,74.7,0.3299469964664310954063604240282686
226.5,12.90,149.4,74.7,0.3298013245033112582781456953642384
226.6,13.00,149.4,74.7,0.3296557811120917917034421888790821
226.7,13.10,149.4,74.7,0.3295103661226290251433612704014116
226.8,13.20,149.4,74.7,0.3293650793650793650793650793650794
226.9,13.30,149.4,74.7,0.3292199206698986337593653591890701
227.0,13.40,149.4,74.7,0.3290748898678414096916299559471366
227.1,13.45,149.4,74.7,0.3289299867899603698811096433289300
227.2,13.45,149.4,74.7,0.3287852112676056338028169014084507
227.3,13.45,149.4,74.7,0.3286405631324241091069071711394633
227.4,13.45,149.4,74.7,0.3284960422163588390501319261213720
227.5,13.45,149.4,74.7,0.3283516483516483516483516483516484
227.6,13.45,149.4,74.7,0.3282073813708260105448154657293497
227.7,13.45,149.4,74.7,0.3280632411067193675889328063241107
227.8,13.45,149.4,74.7,0.3279192273924495171202809482001756
227.9,13.45,149.4,74.7,0.3277753400614304519526107942079860
228.0,13.45,149.4,74.7,0.3276315789473684210526315789473684
228.1,13.45,149.4,74.7,0.3274879438842612889083735203857957
228.2,13.45,149.4,74.7,0.3273444347063978965819456617002629
228.3,13.45,149.4,74.7,0.3272010512483574244415243101182654
228.4,13.45,149.4,74.7,0.3270577933450087565674255691768827
228.5,13.45,149.4,74.7,0.3269146608315098468271334792122538
228.6,13.45,149.4,74.7,0.3267716535433070866141732283464567
228.7,13.45,149.4,74.7,0.3266287713161346742457367730651509
228.8,13.45,149.4,74.7,0.3264860139860139860139860139860140
228.9,13.45,149.4,74.7,0.3263433813892529488859764089121887
229.0,13.45,149.4,74.7,0.3262008733624454148471615720524017
229.1,13.45,149.4,74.7,0.3260584897424705368834570056743780
229.2,13.45,149.4,74.7,0.3259162303664921465968586387434555
229.3,13.45,149.4,74.7,0.3257740950719581334496293065852595
229.4,13.45,149.4,74.7,0.3256320836965998256320836965998256
229.5,13.45,149.4,74.7,0.3254901960784313725490196078431373
229.6,13.45,149.4,74.7,0.3253484320557491289198606271777003
229.7,13.45,149.4,74.7,0.3252067914671310404875925119721376
229.8,13.45,149.4,74.7,0.3250652741514360313315926892950392
229.9,13.45,149.4,74.7,0.3249238799478033927794693344932579
230.0,13.45,149.4,74.7,0.3247826086956521739130434782608696
230.1,13.45,149.4,74.7,0.3246414602346805736636245110821382
230.2,13.45,149.4,74.7,0.3245004344048653344917463075586447
230.3,13.45,149.4,74.7,0.3243595310464611376465479808944855
230.4,13.45,149.4,74.7,0.32421875
230.5,13.45,149.4,74.7,0.3240780911062906724511930585683297
230.6,13.45,149.4,74.7,0.3239375542064180398959236773633998
230.7,13.45,149.4,74.7,0.3237971391417425227568270481144343
230.8,13.45,149.4,74.7,0.3236568457538994800693240901213172
230.9,13.45,149.4,74.7,0.3235166738847986141186660892161109
231.0,13.45,149.4,74.7,0.3233766233766233766233766233766234
231.1,13.45,149.4,74.7,0.3232366940718303764604067503245348
231.2,13.45,149.4,74.7,0.3230968858131487889273356401384083
231.3,13.45,149.4,74.7,0.3229571984435797665369649805447471
231.4,13.45,149.4,74.7,0.3228176318063958513396715643906655
231.5,13.45,149.4,74.7,0.3226781857451403887688984881209503
231.6,13.45,149.4,74.7,0.3225388601036269430051813471502591
231.7,13.45,149.4,74.7,0.3223996547259387138541217091066034
231.8,13.45,149.4,74.7,0.3222605694564279551337359792924935
231.9,13.45,149.4,74.7,0.3221216041397153945666235446313066
232.0,13.45,149.4,74.7,0.3219827586206896551724137931034483
232.1,13.45,149.4,74.7,0.3218440327445066781559672554933218
232.2,13.45,149.4,74.7,0.3217054263565891472868217054263566
232.3,13.45,149.4,74.7,0.3215669393026259147653895824365045
232.4,13.45,149.4,74.7,0.3214285714285714285714285714285714
232.5,13.45,149.4,74.7,0.3212903225806451612903225806451613
232.6,13.45,149.4,74.7,0.3211521926053310404127257093723130
232.7,13.45,149.4,74.7,0.3210141813493768801031370863773098
232.8,13.45,149.4,74.7,0.3208762886597938144329896907216495
232.9,13.45,149.4,74.7,0.3207385143838557320738514383855732
233.0,13.45,149.4,74.7,0.3206008583690987124463519313304721
233.1,13.45,149.4,74.7,0.3204633204633204633204633204633205
233.2,13.45,149.4,74.7,0.3203259005145797598627787307032590
233.3,13.45,149.4,74.7,0.3201885983711958851264466352336048
233.4,13.45,149.4,74.7,0.3200514138817480719794344473007712
233.5,13.45,149.4,74.7,0.3199143468950749464668094218415418
233.6,13.45,149.4,74.7,0.3197773972602739726027397260273973
233.7,13.45,149.4,74.7,0.3196405648267008985879332477535302
233.8,13.45,149.4,74.7,0.3195038494439692044482463644140291
233.9,13.45,149.4,74.7,0.3193672509619495510902094912355708
234.0,13.45,149.4,74.7,0.3192307692307692307692307692307692
234.1,13.45,149.4,74.7,0.3190944041008116189662537377189235
234.2,13.45,149.4,74.7,0.3189581554227156276686592655849701
234.3,13.45,149.4,74.7,0.3188220230473751600512163892445583
234.4,13.45,149.4,74.7,0.3186860068259385665529010238907850
234.5,13.45,149.4,74.7,0.3185501066098081023454157782515991
234.6,13.45,149.4,74.7,0.3184143222506393861892583120204604
234.7,13.45,149.4,74.7,0.3182786536003408606731998295696634
234.8,13.45,149.4,74.7,0.3181431005110732538330494037478705
234.9,13.45,149.4,74.7,0.3180076628352490421455938697318008
235.0,13.45,149.4,74.7,0.3178723404255319148936170212765957
235.1,13.45,149.4,74.7,0.3177371331348362398979157805189281
235.2,13.45,149.4,74.7,0.3176020408163265306122448979591837
235.3,13.45,149.4,74.7,0.3174670633234169145771355716107097
235.4,13.45,149.4,74.7,0.3173322005097706032285471537807986
235.5,13.45,149.4,74.7,0.3171974522292993630573248407643312
235.6,13.45,149.4,74.7,0.3170628183361629881154499151103565
235.7,13.45,149.4,74.7,0.3169282986847687738650827322868053
235.8,13.45,149.4,74.7,0.3167938931297709923664122137404580
235.9,13.45,149.4,74.7,0.3166596015260703688003391267486223
236.0,13.45,149.4,74.7,0.3165254237288135593220338983050847
236.1,13.45,149.4,74.7,0.3163913595933926302414231257941550
236.2,13.45,149.4,74.7,0.3162574089754445385266723116003387
236.3,13.45,149.4,74.7,0.3161235717308506136267456622936945
236.4,13.45,149.4,74.7,0.3159898477157360406091370558375635
236.5,13.45,149.4,74.7,0.3158562367864693446088794926004228
236.6,13.45,149.4,74.7,0.3157227387996618765849535080304311
236.7,13.45,149.4,74.7,0.3155893536121673003802281368821293
236.8,13.45,149.4,74.7,0.3154560810810810810810810810810811
236.9,13.45,149.4,74.7,0.3153229210637399746728577458843394
237.0,13.45,149.4,74.7,0.3151898734177215189873417721518987
237.1,13.45,149.4,74.7,0.3150569380008435259384226064951497
237.2,13.45,149.4,74.7,0.3149241146711635750421585160202361
237.3,13.45,149.4,74.7,0.3147914032869785082174462705436157
237.4,13.45,149.4,74.7,0.3146588037068239258635214827295703
237.5,13.45,149.4,74.7,0.3145263157894736842105263157894737
237.6,13.45,149.4,74.7,0.3143939393939393939393939393939394
237.7,13.45,149.4,74.7,0.3142616743794699200673117374842238
237.8,13.45,149.4,74.7,0.3141295206055508830950378469301934
237.9,13.45,149.4,74.7,0.3139974779319041614123581336696091
238.0,13.45,149.4,74.7,0.3138655462184873949579831932773109
238.1,13.45,149.4,74.7,0.3137337253254934901301973960520790
238.2,13.45,149.4,74.7,0.3136020151133501259445843828715365
238.3,13.45,149.4,74.7,0.3134704154427192614351657574485942
238.4,13.45,149.4,74.7,0.3133389261744966442953020134228188
238.5,13.45,149.4,74.7,0.3132075471698113207547169811320755
238.6,13.45,149.4,74.7,0.3130762782900251466890192791282481
238.7,13.45,149.4,74.7,0.3129451193967322999581064097193129
238.8,13.45,149.4,74.7,0.3128140703517587939698492462311558
238.9,13.45,149.4,74.7,0.3126831310171619924654667224780243
239.0,13.45,149.4,74.7,0.3125523012552301255230125523012552
239.1,13.45,149.4,74.7,0.3124215809284818067754077791718946
239.2,13.45,149.4,74.7,0.3122909698996655518394648829431438
239.3,13.50,149.4,74.7,0.3121604680317592979523610530714584
239.4,13.60,149.4,74.7,0.3120300751879699248120300751879699
239.5,13.70,149.4,74.7,0.3118997912317327766179540709812109
239.6,13.80,149.4,74.7,0.3117696160267111853088480801335559
239.7,13.85,149.4,74.7,0.3116395494367959949937421777221527
239.8,13.85,149.4,74.7,0.3115095913261050875729774812343620
239.9,13.85,149.4,74.7,0.3113797415589829095456440183409754
240.0,13.85,149.4,74.7,0.31125
240.1,13.85,149.4,74.7,0.3111203665139525197834235735110371
240.2,13.85,149.4,74.7,0.3109908409658617818484596169858451
240.3,13.85,149.4,74.7,0.3108614232209737827715355805243446
240.4,13.85,149.4,74.7,0.3107321131447587354409317803660566
240.5,13.85,149.4,74.7,0.3106029106029106029106029106029106
240.6,13.85,149.4,74.7,0.3104738154613466334164588528678304
240.7,13.85,149.4,74.7,0.3103448275862068965517241379310345
240.8,13.85,149.4,74.7,0.3102159468438538205980066445182724
240.9,13.85,149.4,74.7,0.3100871731008717310087173100871731
241.0,13.85,149.4,74.7,0.3099585062240663900414937759336100
241.1,13.85,149.4,74.7,0.3098299460804645375362919950228121
241.2,13.85,149.4,74.7,0.3097014925373134328358208955223881
241.3,13.85,149.4,74.7,0.3095731454620803978450062163282221
241.4,13.85,149.4,74.7,0.3094449047224523612261806130903065
241.5,13.85,149.4,74.7,0.3093167701863354037267080745341615
241.6,13.85,149.4,74.7,0.3091887417218543046357615894039735
241.7,13.85,149.4,74.7,0.3090608191973520893669838642945801
241.8,13.85,149.4,74.7,0.3089330024813895781637717121588089
241.9,13.85,149.4,74.7,0.3088052914427449359239355105415461
242.0,13.85,149.4,74.7,0.3086776859504132231404958677685950
242.1,13.85,149.4,74.7,0.3085501858736059479553903345724907
242.2,13.85,149.4,74.7,0.3084227910817506193228736581337737
242.3,13.85,149.4,74.7,0.3082955014444903012794056954189022
242.4,13.85,149.4,74.7,0.3081683168316831683168316831683168
242.5,13.85,149.4,74.7,0.3080412371134020618556701030927835
242.6,13.85,149.4,74.7,0.3079142621599340478153338829348722
242.7,13.85,149.4,74.7,0.3077873918417799752781211372064277
242.8,13.85,149.4,74.7,0.3076606260296540362438220757825371
242.9,13.85,149.4,74.7,0.3075339645944833264717990942774804
243.0,13.85,149.4,74.7,0.3074074074074074074074074074074074
243.1,13.85,149.4,74.7,0.3072809543397778691896338955162485
243.2,13.85,149.4,74.7,0.3071546052631578947368421052631579
243.3,13.85,149.4,74.7,0.3070283600493218249075215782983970
243.4,13.85,149.4,74.7,0.3069022185702547247329498767460970
243.5,13.85,149.4,74.7,0.3067761806981519507186858316221766
243.6,13.85,149.4,74.7,0.3066502463054187192118226600985222
243.7,13.85,149.4,74.7,0.3065244152646696758309396799343455
243.8,13.85,149.4,74.7,0.3063986874487284659557013945857260
243.9,13.85,149.4,74.7,0.3062730627306273062730627306273063
244.0,13.85,149.4,74.7,0.3061475409836065573770491803278689
244.1,13.85,149.4,74.7,0.3060221220811142974190905366653011
244.2,13.85,149.4,74.7,0.3058968058968058968058968058968059
244.3,13.85,149.4,74.7,0.3057715923045435939418747441670078
244.4,13.85,149.4,74.7,0.3056464811783960720130932896890344
244.5,13.85,149.4,74.7,0.3055214723926380368098159509202454
244.6,13.85,149.4,74.7,0.3053965658217497955846279640228945
244.7,13.85,149.4,74.7,0.3052717613404168369431957498978341
244.8,13.85,149.4,74.7,0.3051470588235294117647058823529412
244.9,13.85,149.4,74.7,0.3050224581461821151490404246631278
245.0,13.85,149.4,74.7,0.3048979591836734693877551020408163
245.1,13.85,149.4,74.7,0.3047735618115055079559363525091799
245.2,13.85,149.4,74.7,0.3046492659053833605220228384991843
245.3,13.85,149.4,74.7,0.3045250713412148389726865063187933
245.4,13.85,149.4,74.7,0.3044009779951100244498777506112469
245.5,13.85,149.4,74.7,0.3042769857433808553971486761710794
245.6,13.85,149.4,74.7,0.3041530944625407166123778501628664
245.7,13.85,149.4,74.7,0.3040293040293040293040293040293040
245.8,13.85,149.4,74.7,0.3039056143205858421480878763222132
245.9,13.85,149.4,74.7,0.3037820252135014233428222854819032
246.0,13.85,149.4,74.7,0.3036585365853658536585365853658537
246.1,13.85,149.4,74.7,0.3035351483136936204794798862251117
246.2,13.85,149.4,74.7,0.3034118602761982128350934199837530
246.3,13.85,149.4,74.7,0.3032886723507917174177831912302071
246.4,13.85,149.4,74.7,0.3031655844155844155844155844155844
246.5,13.85,149.4,74.7,0.3030425963488843813387423935091278
246.6,13.85,149.4,74.7,0.3029197080291970802919708029197080
246.7,13.85,149.4,74.7,0.3027969193352249695987028779894609
246.8,13.85,149.4,74.7,0.3026742301458670988654781199351702
246.9,13.85,149.4,74.7,0.3025516403402187120291616038882139
247.0,13.85,149.4,74.7,0.3024291497975708502024291497975709
247.1,13.85,149.4,74.7,0.3023067583974099554836098745447187
247.2,13.85,149.4,74.7,0.3021844660194174757281553398058252
247.3,13.85,149.4,74.7,0.3020622725434694702790133441164577
247.4,13.85,149.4,74.7,0.3019401778496362166531932093775263
247.5,13.85,149.4,74.7,0.3018181818181818181818181818181818
247.6,13.85,149.4,74.7,0.3016962843295638126009693053311793
247.7,13.85,149.4,74.7,0.3015744852644327815906338312474768
247.8,13.85,149.4,74.7,0.3014527845036319612590799031476998
247.9,13.85,149.4,74.7,0.3013311819281968535699878983461073
248.0,13.85,149.4,74.7,0.3012096774193548387096774193548387
248.1,13.85,149.4,74.7,0.3010882708585247883917775090689238
248.2,13.85,149.4,74.7,0.3009669621273166800966962127316680
248.3,13.85,149.4,74.7,0.3008457511075312122432541280708820
248.4,13.85,149.4,74.7,0.3007246376811594202898550724637681
248.5,13.85,149.4,74.7,0.3006036217303822937625754527162978
248.6,13.85,149.4,74.7,0.3004827031375703942075623491552695
248.7,13.85,149.4,74.7,0.3003618817852834740651387213510253
248.8,13.85,149.4,74.7,0.3002411575562700964630225080385852
248.9,13.85,149.4,74.7,0.3001205303334672559260747288067497
249.0,13.85,149.4,74.7,0.3
249.1,13.85,149.4,74.7,0.2998795664391810517864311521477318
249.2,13.85,149.4,74.7,0.2997592295345104333868378812199037
249.3,13.85,149.4,74.7,0.2996389891696750902527075812274368
249.4,13.85,149.4,74.7,0.2995188452285485164394546912590217
249.5,13.85,149.4,74.7,0.2993987975951903807615230460921844
249.6,13.85,149.4,74.7,0.2992788461538461538461538461538462
249.7,13.85,149.4,74.7,0.2991589907889467360832999599519423
249.8,13.85,149.4,74.7,0.2990392313851080864691753402722178
249.9,13.85,149.4,74.7,0.2989195678271308523409363745498199
250.0,13.85,149.4,74.7,0.2988
